batch,cell_id,raw_index,policy,cycle_life,observed_cycles,QD_final,QD_initial,analysis_last_cycle,first_QD_le_088,QD_at_label,label_minus_record_end,end_relative_capacity,endpoint_high_capacity,placeholder_rows,early_rows,delta_valid_fraction,voltage_min,voltage_max,rate1_C,switch_pct,rate2_C,delta_mean,delta_min,delta_std,delta_log_var,QD_mean,QD_median,QD_std,QD_slope,QD_slope_ols,IR_mean,IR_slope,IR_zero_fraction,Tavg_mean,Tmax_mean,chargetime_mean,charge_I_mean,charge_I_std,charge_I_p95,slope_mid,slope_late,accelerates,knee_cycle,knee_before,knee_after,knee_gain
Batch 1,B1_000,0,3.6C(80%)-3.6C,1190.0,1189,1.0262098,1.0735761,1189.0,,,1.0,0.9558798859251804,True,1,99,1.0,2.0,3.5,3.6,80.0,3.6,-0.002873415224691916,-0.008459642934268818,0.003108633182730208,-5.014861042960788,1.0805965747474746,1.0763736,0.04656237053645519,-5.659459459463169e-06,-0.00031399105112279297,0.01664332204040404,9.836097560975414e-07,0.0,31.603747328822767,35.376748303030304,13.384230505050484,1.7566702680510171,1.5421561664995735,3.600178227272727,-3.617580645161367e-05,-3.101153846153991e-05,False,,,,
Batch 1,B1_001,1,3.6C(80%)-3.6C,1179.0,1178,1.0382246,1.078544,1178.0,,,1.0,0.9626168241629456,True,1,99,1.0,2.0,3.5,3.6,80.0,3.6,-0.004099614621345189,-0.011003816596621918,0.003111861011814637,-5.013959617162855,1.0812468797979797,1.0816207,0.0011909795450513007,-1.5812499999996732e-05,-1.386407708233212e-05,0.016750843414141414,1.1981578947368936e-06,0.010101010101010102,31.33031430692745,34.16065478787879,13.374696464646446,1.7651174549368185,1.5354492036160274,3.600222818181818,-2.598528645833282e-05,-4.8571176739926926e-05,False,360.0,-2.140715240666598e-05,-4.2995332265381886e-05,0.883831456236869
Batch 1,B1_002,2,3.6C(80%)-3.6C,1177.0,1176,1.0432786,1.0830303,1176.0,,,1.0,0.9632958560808503,True,1,99,1.0,2.0,3.5,3.6,80.0,3.6,-0.004486734282886987,-0.017216391849644463,0.004280555467426044,-4.7369997419805365,1.0853711969696969,1.0856748,0.0010255172720119404,-6.0710144927520116e-06,-5.208700429995722e-06,0.01659959497979798,1.393200000000023e-06,0.010101010101010102,31.47958411321121,34.54464383838384,13.378886329966337,1.7750114954937195,1.5304238604357743,3.600236727272727,-2.6357324840764542e-05,-4.937735849056567e-05,False,415.0,-2.1965816136713916e-05,-4.4150549638452294e-05,0.8581680734752826
Batch 1,B1_003,3,4C(80%)-4C,1226.0,1225,0.97092122,1.083112,1225.0,,,1.0,0.8964181174246061,True,1,99,1.0,2.0,3.5,4.0,80.0,4.0,-0.007455784700018412,-0.018960539773269502,0.006007493649174286,-4.442613359277012,1.0849489696969699,1.0853621,0.0010963475152406647,-1.7333333333322913e-06,6.368388278398741e-06,0.01614615604040404,1.3535416666666634e-06,0.010101010101010102,29.942198807956427,30.662263141414144,12.053277171717166,1.8461137930612768,1.7025088244279734,4.0001916818181815,-3.275566502463122e-05,-7.839999999999983e-05,True,965.0,-4.548608747734159e-05,-0.00025792983634187,0.9320057952332688
Batch 1,B1_004,4,4C(80%)-4C,1227.0,1226,1.0219597,1.0807526,1226.0,,,1.0,0.9456000383436505,True,1,99,1.0,2.0,3.5,4.0,80.0,4.0,-0.005750008121960181,-0.013957995093677344,0.004743819651470338,-4.647743660307859,1.082843531313131,1.0832496,0.001095028753107385,-5.944444444461183e-07,8.424255454690661e-06,0.01650051357575757,9.234927536231772e-07,0.010101010101010102,31.44888383416564,34.38251588888889,12.053313636363642,1.8424340377453894,1.705854573194221,4.0002428181818175,-3.244408098502147e-05,-5.1579384724192406e-05,False,895.0,-3.9694016832363204e-05,-8.633957500446887e-05,0.8477545493897221
Batch 1,B1_005,5,4.4C(80%)-4.4C,1074.0,1073,0.88053626,1.0790976,1073.0,,,1.0,0.8159931594695419,False,1,99,1.0,2.0,3.5,4.4,80.0,4.4,-0.01107391297973859,-0.025178778949337288,0.008138812030045434,-4.178877963304522,1.0803274434343435,1.0805809,0.0010474769149627693,-4.706329113925877e-06,2.0457525083623468e-06,0.016270388575757577,8.321999999999844e-07,0.0,30.92149771366389,33.02000678787879,15.07576803030309,1.9081987656739432,1.8766499461523176,4.400139318181818,-3.968333333333648e-05,-0.00012072329545454527,True,880.0,-6.960659204035082e-05,-0.0006925503993301458,0.9431905910882813
Batch 1,B1_006,6,4.8C(80%)-4.8C,636.0,635,0.8800565,1.0798916,635.0,,,1.0,0.8149489263552008,False,1,99,1.0,2.0,3.5,4.8,80.0,4.8,-0.015965056248274823,-0.03788603931347978,0.013048513820444054,-3.768877900227724,1.0809117848484848,1.0812788,0.0011514053246823603,-2.6568421052635944e-05,-1.8384228380318223e-05,0.016507268545454545,-3.851515151516985e-08,0.010101010101010102,32.27384521945563,35.79263145454546,10.04485760942758,1.9672792075876633,2.037800073030464,4.800135454545455,-8.723565375302802e-05,-0.00022675212418300629,True,515.0,-0.00011252483237007366,-0.001160029668863347,0.96167788831541
Batch 1,B1_007,7,4.8C(80%)-4.8C,870.0,869,0.88110596,1.0969613,869.0,,,1.0,0.8032242887693485,False,1,99,1.0,2.0,3.5,4.8,80.0,4.8,-0.016645727245619735,-0.03823338650707442,0.012395297688070558,-3.8134860773269867,1.0969264323232324,1.09716,0.0008160083405221343,-2.2133333333330928e-05,-1.2389668737060214e-05,0.016050141454545454,1.1870298507462797e-06,0.010101010101010102,31.990084509217034,35.32269474747474,10.044094528619514,1.9979872506816012,2.015329525720362,4.800084318181818,-6.022307692307716e-05,-0.00026361500000000594,True,640.0,-7.654033693149503e-05,-0.0007004578782143222,0.9610682657098799
Batch 1,B1_008,8,5.4C(40%)-3.6C,879.0,878,0.96902454,1.0930603,878.0,,,1.0,0.8865243207533929,True,1,99,1.0,2.0,3.5,5.4,40.0,3.6,-0.012818967232022799,-0.030807702259195047,0.009986256011781672,-4.001194608771134,1.0947719373737375,1.0950732,0.0008728084188628772,-1.0100000000123899e-05,-7.819638477472863e-06,0.016711705707070708,1.951820512820562e-06,0.0,32.076506270161325,34.45206194949494,11.24361163299663,1.9190781773432157,1.8984724817883563,5.4001114545454545,-4.658140008140085e-05,-0.00012475492753623302,True,675.0,-5.879417421004694e-05,-0.0004227653997860628,0.9542410222457183
Batch 1,B1_009,9,5.4C(40%)-3.6C,1054.0,1053,0.8809284,1.0852641,1053.0,,,1.0,0.8117179956473267,False,1,99,1.0,2.0,3.5,5.4,40.0,3.6,-0.01151060056848011,-0.028724475696229934,0.009339167424245435,-4.059383677769545,1.0876998484848484,1.0879639,0.0009772024093552619,4.976470588232543e-06,5.299069915599302e-06,0.01683536523232323,1.7192727272726729e-06,0.0,32.64153361126789,35.98493365656566,11.241857609427619,1.9056474475396803,1.90849851543552,5.400290045454545,-4.0027731092437195e-05,-0.00017989333333333265,True,790.0,-6.241017479973963e-05,-0.0005568676811753789,0.9586203337202645
Batch 1,B1_010,10,5.4C(50%)-3C,906.0,905,0.96101874,1.0779266,905.0,,,1.0,0.8915437655959134,True,1,99,1.0,2.0,3.5,5.4,50.0,3.0,-0.010668007843734223,-0.026992931922526497,0.00974346493973917,-4.022573146487059,1.0817046181818184,1.0822605,0.001579220410833336,-4.91818181818026e-06,6.0261347348371834e-06,0.016396655616161614,2.124376811594192e-06,0.010101010101010102,33.208150668462316,36.87145022222223,11.688040235690274,1.8668488112908967,1.9182219692821345,5.400253636363636,-4.3358095238095405e-05,-0.00012860999999999567,True,695.0,-5.713921990454726e-05,-0.00038149434383120723,0.9342232410947526
Batch 1,B1_011,11,5.4C(50%)-3C,788.0,787,0.88054359,1.0570793,787.0,,,1.0,0.8329967203028192,False,1,99,1.0,2.0,3.5,5.4,50.0,3.0,-0.008378205102529984,-0.023691513033622602,0.008444068247508568,-4.146896530502188,1.060083885858586,1.0605559,0.0014342920160654257,-3.0272727272840814e-06,4.613694855870166e-06,0.01603708411111111,1.8205974025974088e-06,0.010101010101010102,32.75932260623101,36.23175358585859,11.684114427609464,1.8261337562769004,1.9414906739471178,5.400326454545454,-4.685559732664924e-05,-0.0002114151923076892,True,590.0,-6.228877462576113e-05,-0.0007066581980737898,0.973435660886954
Batch 1,B1_012,12,5.4C(50%)-3.6C,902.0,901,0.91311944,1.0801911,901.0,,,1.0,0.8453313862704479,True,1,99,1.0,2.0,3.5,5.4,50.0,3.6,-0.011237958333707347,-0.027438869587688153,0.008657742713190541,-4.125190648988873,1.082155223232323,1.0823082,0.0008676591348281112,-2.5500000000032773e-06,6.052810957250435e-07,0.01643905623232323,1.3266507936507983e-06,0.0,33.4580219141428,37.448847525252525,10.68385405723906,1.930876778964028,2.006389031354343,5.400158272727273,-3.906515306122387e-05,-0.00016833944444445004,True,685.0,-5.771053025436681e-05,-0.0005722511004521182,0.9572101693496755
Batch 1,B1_013,13,5.4C(50%)-3.6C,897.0,896,0.92313582,1.0827487,896.0,,,1.0,0.8525854798994449,True,1,99,1.0,2.0,3.5,5.4,50.0,3.6,-0.013148734381658471,-0.029137075239816568,0.009462301264631719,-4.048006457642694,1.0842732373737374,1.0844252,0.0008261310229366408,-1.1311267605633036e-05,-7.604817646123064e-06,0.01703655094949495,1.5710256410256073e-06,0.0,32.09216634315908,34.67959250505051,10.685353013468022,1.9358072967611162,2.0028516241870764,5.400390636363636,-4.278962264151078e-05,-0.00015304450867052098,True,705.0,-6.187910313436759e-05,-0.0005890415733902867,0.9433811582759315
Batch 1,B1_014,14,5.4C(60%)-3C,880.0,879,0.8800649,1.0739669,879.0,,,1.0,0.819452536200138,False,1,99,1.0,2.0,3.5,5.4,60.0,3.0,-0.01194621822346789,-0.0282939556930506,0.009483422075848647,-4.046069839990279,1.0761029171717171,1.0765082,0.0012270028331920458,8.719318181817219e-06,1.630952062430929e-05,0.016975001838383838,1.7735833333333677e-06,0.0,33.07746279993842,36.63094507070707,14.925935387205387,1.9132404392062685,2.043143683986292,5.400517227272727,-5.46635730211834e-05,-0.0001977217133510519,True,655.0,-6.531514761535567e-05,-0.0006816256713987378,0.979307595336649
Batch 1,B1_015,15,5.4C(60%)-3C,719.0,718,0.88298881,1.0652857,718.0,,,1.0,0.8288751177266342,False,1,99,1.0,2.0,3.5,5.4,60.0,3.0,-0.011013089313180444,-0.02894455469678503,0.009795473824058336,-4.017949103167607,1.0676568858585858,1.0680863,0.00140079990792507,1.1793333333335691e-05,1.673795190317282e-05,0.016839986434343434,2.767333333333899e-06,0.0,33.147720104395674,37.056188636363636,14.92770846801342,1.897663491392119,2.0535112724345934,5.400517181818181,-4.653682936668006e-05,-0.0002168005081300829,True,550.0,-6.563787728521288e-05,-0.0008791420021625774,0.974934574147202
Batch 1,B1_016,16,5.4C(60%)-3.6C,862.0,861,0.88096577,1.0846543,861.0,,,1.0,0.8122088023806295,False,1,99,1.0,2.0,3.5,5.4,60.0,3.6,-0.012403806163792483,-0.027606674842371115,0.008918527633297722,-4.099413675443745,1.0864695565656566,1.0868037,0.0012032831895770354,5.944117647061584e-06,1.3498762541802934e-05,0.016528862282828287,1.9646666666668335e-06,0.010101010101010102,32.41716254671688,35.85141423232323,10.12547436026938,1.9706004744163643,2.088238435796041,5.400366318181818,-5.022136880165364e-05,-0.00017645882352941027,True,670.0,-6.388938238418661e-05,-0.0008395000089113278,0.9738154692970022
Batch 1,B1_017,17,5.4C(60%)-3.6C,857.0,856,0.8832469,1.0748942,856.0,,,1.0,0.8217058944033748,False,1,99,1.0,2.0,3.5,5.4,60.0,3.6,-0.013343115757399524,-0.031067967108938555,0.010349521579645339,-3.970159451162403,1.0771062363636363,1.0774002,0.0010541182453571362,1.0538461538465673e-06,5.362154801722931e-06,0.016676227535353534,2.0790937500000505e-06,0.0,32.088753858534446,35.43276257575758,10.13811205387206,1.9534040062527376,2.100403790926849,5.400343818181819,-4.584714285714243e-05,-0.00018945283018867863,True,650.0,-5.9710581167105355e-05,-0.0007457799656048998,0.9719061932262926
Batch 1,B1_018,18,5.4C(70%)-3C,691.0,690,0.88114411,1.0683733,690.0,,,1.0,0.824753024060036,False,1,99,1.0,2.0,3.5,5.4,70.0,3.0,-0.020702386803338756,-0.04413321540827286,0.014960969150459302,-3.650080545153841,1.086443382828283,1.0685651,0.18252118160147157,-6.550862068965442e-05,-0.0004958883612040111,0.018004754414141413,-4.7067152941176496e-05,0.0,31.831057275618022,35.415118353535355,9.925956313131316,1.670611058141255,2.0767899270100694,5.400347272727272,-0.00012649733333333301,-0.0001915149122807021,False,565.0,-0.00012441168081453235,-0.000968950395082899,0.9783415619734825
Batch 1,B1_019,19,5.4C(70%)-3C,788.0,787,0.88093972,1.0877784,787.0,,,1.0,0.8098521904829146,False,1,99,1.0,2.0,3.5,5.4,70.0,3.0,-0.02010627482176973,-0.04589269342650848,0.015489827676437943,-3.619906827436836,1.0883684717171715,1.0885627,0.0007718216160143594,-2.0853846153843737e-05,-2.0336293995851352e-05,0.01632486908080808,1.3111999999999647e-06,0.0,33.044085397077396,36.83902758585858,9.930255336700304,1.9963073554128652,2.143704724949657,5.400357681818182,-7.97825645838922e-05,-0.0002744255208333331,True,575.0,-8.899698632442143e-05,-0.0007364731727758007,0.979722009361581
Batch 1,B1_020,20,5.4C(80%)-5.4C,534.0,533,0.88078493,1.0752697,533.0,,,1.0,0.8191293123948346,False,1,99,1.0,2.0,3.5,5.4,80.0,5.4,-0.03279598300714768,-0.06358042689660326,0.02071959656250491,-3.367237410245857,1.0698410858585858,1.0707365,0.004184410419543684,-0.00015732962962962857,-0.00014945135531135723,0.01505672603030303,-1.892746835443038e-06,0.010101010101010102,32.15292201754506,34.92834715151515,9.027207626262616,2.03130976273922,2.276798917792398,5.400484227272727,-0.00026196296296296693,-0.00034664296296296233,False,410.0,-0.0002695812839725256,-0.0006842268875823488,0.904606134938752
Batch 1,B1_021,21,5.4C(80%)-5.4C,559.0,558,0.88016534,1.0851753,558.0,,,1.0,0.8110812511121476,False,1,99,1.0,2.0,3.5,5.4,80.0,5.4,-0.03065757711271063,-0.06472026276575493,0.02112666637798152,-3.3503380515995875,1.082226497979798,1.0831832,0.0026137864433469775,-0.00010192638888888933,-9.035583054625644e-05,0.014937809606060608,1.231000000000021e-06,0.010101010101010102,33.13697371135653,36.94892544444444,8.987271380471347,2.046890156577337,2.264298376259591,5.4004825,-0.00018259776479750885,-0.0003134973684210508,False,435.0,-0.000199595370563698,-0.0008723485719307499,0.933798464527237
Batch 1,B1_022,22,6C(30%)-3.6C,891.0,890,0.96327895,1.0822772,890.0,,,1.0,0.890048270443099,True,1,99,1.0,2.0,3.5,6.0,30.0,3.6,-0.0147163713132086,-0.032147144008991324,0.010566123034936408,-3.95216867314278,1.082979815151515,1.0831372,0.0007437449096877575,-2.0263235294118278e-05,-1.7057273451189287e-05,0.0165919733030303,1.8660000000000203e-06,0.0,32.84391283877385,36.64192422222223,11.46291215488218,1.886794323163599,1.9127360450152304,6.000014181818181,-4.1535294117649575e-05,-0.00013964421768707433,True,665.0,-5.6560847247140827e-05,-0.0003449720864073867,0.9241271435099042
Batch 1,B1_023,23,6C(30%)-3.6C,1014.0,1013,0.88066453,1.0819774,1013.0,,,1.0,0.8139398567844394,False,1,99,1.0,2.0,3.5,6.0,30.0,3.6,-0.013340620512360239,-0.029953516931757296,0.009541203928808278,-4.0407936433278895,1.0824610575757576,1.0826224,0.00064132569857382,-1.649552238805681e-05,-1.5297888198762094e-05,0.016824002585858585,2.02219999999996e-06,0.0,31.99077454717494,34.8727843939394,11.458691784511789,1.8862167150373554,1.913326379658907,5.999965681818181,-3.7350810810811544e-05,-0.0001729675324675326,True,765.0,-6.29258592930345e-05,-0.0005839255998606153,0.9602138443972792
Batch 1,B1_024,24,6C(40%)-3C,1017.0,1016,0.88046598,1.0769914,1016.0,,,1.0,0.817523686818669,False,1,99,1.0,2.0,3.5,6.0,40.0,3.0,-0.013873507013282613,-0.03184213409789827,0.010731705300813243,-3.938662523656534,1.0780331868686868,1.0782109,0.0007172188557690706,-8.590140845069591e-06,-7.558493390664127e-06,0.016587448888888887,2.135565217391187e-06,0.0,33.378063951824195,36.866496545454545,12.128487205387225,1.8381510291763403,1.9190989932493046,6.0000124999999995,-4.623170731707439e-05,-0.0001848951219512203,True,755.0,-6.464683872967011e-05,-0.0005433815686090135,0.9668287815450337
Batch 1,B1_025,25,6C(40%)-3C,854.0,853,0.88019997,1.0775747,853.0,,,1.0,0.816834294643332,False,1,99,1.0,2.0,3.5,6.0,40.0,3.0,-0.012406193052887388,-0.02944117289056547,0.009684018038400122,-4.027888820540259,1.078847887878788,1.0790472,0.0007311050081300092,-1.4691666666668176e-05,-1.0512616658699725e-05,0.0165961417979798,1.954567567567601e-06,0.0,33.848557073949294,37.990239878787875,12.137498080808081,1.8389077704325447,1.9190742018107945,6.000118272727272,-5.2987499999998123e-05,-0.00026008433734939787,True,610.0,-6.776189778135665e-05,-0.0006191677651828322,0.977800954741089
Batch 1,B1_026,26,6C(40%)-3.6C,870.0,869,0.88105017,1.0902194,869.0,,,1.0,0.8081402422301418,False,1,99,1.0,2.0,3.5,6.0,40.0,3.6,-0.01785015712562481,-0.03835445363245393,0.012658726058558622,-3.7952199967853435,1.0905742878787879,1.0908915,0.0008664365793143937,-2.4321621621623367e-05,-2.4660891861760114e-05,0.016285491838383837,2.163599999999849e-06,0.0,33.15641406115227,36.41381293939394,10.800664208754247,1.9387126765868485,2.0211337074051743,6.000114772727272,-5.105510204081737e-05,-0.00023263421052631625,True,650.0,-7.262547423519433e-05,-0.000713759761500984,0.9669082932154814
Batch 1,B1_027,27,6C(40%)-3.6C,842.0,841,0.88130057,1.0814734,841.0,,,1.0,0.8149073014648349,False,1,99,1.0,2.0,3.5,6.0,40.0,3.6,-0.015514187146656106,-0.03583211964634625,0.011834458743150216,-3.8537032000559392,1.0820360393939392,1.0822542,0.0007546205717510306,-2.2084000000006655e-05,-2.0381876094918566e-05,0.01609890666666667,2.347631578947441e-06,0.0,33.89497000372245,37.51131004040404,10.803712340067367,1.9233205947349166,2.0320795781635907,6.000156409090908,-5.108589285714162e-05,-0.00021320216954775643,True,635.0,-6.98291310162251e-05,-0.0007166378015654626,0.9672272873425705
Batch 1,B1_028,28,6C(50%)-3C,860.0,859,0.88058227,1.0804075,859.0,,,1.0,0.8150464246129354,False,1,99,1.0,2.0,3.5,6.0,50.0,3.0,-0.016698122755162716,-0.03721348031974192,0.01195760205782181,-3.844711807496199,1.0806956292929293,1.0808771,0.0005808473697885737,-1.4990000000003612e-05,-1.5225352763173364e-05,0.01668003754545454,2.5429354838710136e-06,0.0,33.773800525042,37.491157878787874,11.138253585858592,1.9028242584448003,2.0636869369850395,6.000244818181818,-5.302628696604551e-05,-0.00023129122023809515,True,625.0,-6.887416582525409e-05,-0.0006664074607656773,0.9797279858748975
Batch 1,B1_029,29,6C(50%)-3C,917.0,916,0.88035375,1.082124,916.0,,,1.0,0.8135423944021203,False,1,99,1.0,2.0,3.5,6.0,50.0,3.0,-0.01660052342693117,-0.036868449881918286,0.012046451806721202,-3.8382817049630766,1.0827828212121215,1.0829672,0.0006456219175832134,-1.56000000000045e-05,-1.4454562828473083e-05,0.016545523626262625,2.396459016393452e-06,0.0,32.70415601771739,35.39940990909091,11.151875336700314,1.9032063820023497,2.059353654879886,6.000204954545454,-5.3063953488371425e-05,-0.00021120344827585784,True,680.0,-7.214074457363578e-05,-0.0006393313787187176,0.9748474407010457
Batch 1,B1_030,30,6C(50%)-3.6C,709.0,708,0.88054287,1.0825673,708.0,,,1.0,0.8133839531269788,False,1,99,1.0,2.0,3.5,6.0,50.0,3.6,-0.017719122166801278,-0.04081538502439652,0.013416844644574263,-3.744699217898308,1.0828237171717172,1.082983,0.0008262149778357217,-2.9398529411763535e-05,-2.5976043956036012e-05,0.01600942625252525,2.3395675675675885e-06,0.0,33.54008830692456,36.797617333333335,10.124524292929316,1.9717981647067817,2.149282518961318,6.000172045454544,-5.795555555555677e-05,-0.00022482457627118625,True,550.0,-7.871640352783155e-05,-0.0009812216309215511,0.975784280944937
Batch 1,B1_031,31,6C(50%)-3.6C,876.0,875,0.88099223,1.097481,875.0,,,1.0,0.8027403025656026,False,1,99,1.0,2.0,3.5,6.0,50.0,3.6,-0.017983588803246863,-0.03947820648424727,0.012916168081068958,-3.777732624088043,1.097068405050505,1.0973341,0.0009821231393733817,-3.5819047619046697e-05,-3.470540531931799e-05,0.016865566141414143,1.848050000000101e-06,0.0,30.375396745150564,30.709141161616163,10.126957558922545,1.9940496180324652,2.1296730437491225,6.000227499999999,-5.544371052631906e-05,-0.00020279500000000005,True,670.0,-7.41771535459248e-05,-0.0007917172192441504,0.9776948152206716
Batch 1,B1_032,32,6C(60%)-3C,731.0,730,0.88080907,1.0804064,730.0,,,1.0,0.8152571754480537,False,1,99,1.0,2.0,3.5,6.0,60.0,3.0,-0.020730273837007356,-0.04556628526257467,0.015023400723607456,-3.6464634970703615,1.0806714494949494,1.0808626,0.0007058238630044114,-2.257368421052391e-05,-2.147387004299617e-05,0.016167064252525253,2.3700476190476446e-06,0.0,33.08050304573434,36.23561784848484,10.129902676767715,1.9665679707005308,2.2075437466003582,6.000374863636363,-5.9817266187050795e-05,-0.0002752999999999996,True,545.0,-8.094001526623623e-05,-0.0008435384957727688,0.9758101124603196
Batch 1,B1_033,33,6C(60%)-3C,757.0,756,0.88011229,1.0955694,756.0,,,1.0,0.8033377803359605,False,1,99,1.0,2.0,3.5,6.0,60.0,3.0,-0.021651569301358073,-0.044901781211682756,0.01467138795255144,-3.6670575975866413,1.0954916464646465,1.0958773,0.0009462319167455618,-3.340833333333645e-05,-3.1796946966077e-05,0.016483775656565655,1.6124936708861154e-06,0.0,33.67169761442224,37.731304424242424,10.129993047138067,1.9945850987844143,2.1892978441614876,6.000433863636363,-6.475487804878157e-05,-0.00031398173076923095,True,555.0,-8.599718671729363e-05,-0.0008255355838240843,0.968894874470108
Batch 1,B1_034,34,7C(30%)-3.6C,742.0,741,0.88205445,1.078815,741.0,,,1.0,0.81761418778938,False,1,99,1.0,2.0,3.5,7.0,30.0,3.6,-0.016080359430316875,-0.037218141748807665,0.011903972680340772,-3.848616157008837,1.0800699888888887,1.0801984,0.0007272870882621551,-1.311636363636333e-05,-1.0398015607580281e-05,0.01685519708080808,2.043666666666692e-06,0.0,32.66455167507311,36.08252629292929,11.035507962962974,1.90764193896136,2.063299923634793,6.999804772727272,-5.2002849109652755e-05,-0.00021746718749999366,True,580.0,-7.215332316681331e-05,-0.0009509848136887773,0.9692700752487213
Batch 1,B1_035,35,7C(30%)-3.6C,703.0,702,0.8802399,1.0735042,702.0,,,1.0,0.8199687528004083,False,1,99,1.0,2.0,3.5,7.0,30.0,3.6,-0.018223341654084003,-0.039152034335048436,0.012992630636536802,-3.7726058155960294,1.0745076737373735,1.0746617,0.0007027143826541125,-8.64852941176605e-06,-5.950627488450408e-06,0.016967092292929295,2.692931034482767e-06,0.0,32.09733437854189,34.87752171717172,11.036444074074083,1.8974123201786843,2.070795240944265,6.999745818181818,-4.69389381720403e-05,-0.00028314996877787716,True,520.0,-6.842907462957214e-05,-0.0008443915222685729,0.9714390904093555
Batch 1,B1_036,36,7C(40%)-3C,704.0,703,0.88231802,1.0807844,703.0,,,1.0,0.8163682044263407,False,1,99,1.0,2.0,3.5,7.0,40.0,3.0,-0.021042350858026748,-0.044621405961221994,0.014630168521871536,-3.669501342595945,1.0812765595959595,1.0814826,0.0007104421735963635,-1.8918749999999318e-05,-1.628153049849124e-05,0.016437746262626264,2.8661621621621407e-06,0.0,32.04688205693082,33.970878757575754,11.554803670033683,1.878053269391141,2.1055340028982448,6.999867181818181,-5.909524386025556e-05,-0.0002800747881356163,True,525.0,-7.875937793877408e-05,-0.0008864416708119203,0.9766279860110554
Batch 1,B1_037,37,7C(40%)-3C,648.0,647,0.88336319,1.0774544,647.0,,,1.0,0.8198613231334895,False,1,99,1.0,2.0,3.5,7.0,40.0,3.0,-0.019436824634916583,-0.044544784957630146,0.014555614781623408,-3.673938893314921,1.0780300424242424,1.0781986,0.0007605825290446468,-2.2284615384617103e-05,-1.9236196846627564e-05,0.01654642202020202,2.743211267605605e-06,0.0,32.95969887229894,36.05156987878787,11.561455202020227,1.873411785168505,2.1088244150167976,7.000101272727272,-6.333072966507128e-05,-0.00028292839176829294,True,480.0,-8.42868624131644e-05,-0.0008987549544212895,0.9757155820909807
Batch 1,B1_038,38,7C(40%)-3.6C,617.0,616,0.88110942,1.0752445,616.0,,,1.0,0.8194502924683642,False,1,99,1.0,2.0,3.5,7.0,40.0,3.6,-0.026764193834967424,-0.05641559694699583,0.019207724292146143,-3.4330481735466756,1.075801506060606,1.0759119,0.0006463898758454917,-1.9927777777780282e-05,-1.8634390826566925e-05,0.01621205696969697,3.012848484848507e-06,0.0,33.69474656343401,37.29856363636363,10.23158840067342,1.9527958528132985,2.230233000205375,7.0002676818181815,-5.1617021276591854e-05,-0.0002677499999999987,True,470.0,-8.479854366083752e-05,-0.0010567977142059129,0.972932067379826
Batch 1,B1_039,39,7C(40%)-3.6C,625.0,624,0.88011074,1.0847878,624.0,,,1.0,0.811320647227043,False,1,99,1.0,2.0,3.5,7.0,40.0,3.6,-0.024440041487006032,-0.053143954091811496,0.01769021616437019,-3.5045337204530713,1.085658998989899,1.0858474,0.0006974026916973628,-1.6410714285716326e-05,-1.355503105589223e-05,0.016691104555555555,3.1322820512820555e-06,0.0,33.50643317156701,37.403860242424244,10.242025976430945,1.9659435928502085,2.217035788690409,6.999587999999999,-5.525978701064912e-05,-0.0003042670000000025,True,470.0,-8.697520747263289e-05,-0.0010725705936845498,0.975733467450399
Batch 1,B1_040,40,8C(15%)-3.6C,966.0,965,0.88060951,1.0863302,965.0,,,1.0,0.8106278459348732,False,1,99,1.0,2.0,3.5,8.0,15.0,3.6,-0.012628807847703542,-0.02909570881628587,0.009384122046529119,-4.0552127051547355,1.0869299777777777,1.0872169,0.0007304158641508088,-1.988888888888925e-05,-1.8422352285391665e-05,0.01667927321212121,2.442242857142848e-06,0.0,33.45968416375564,37.756139949494944,12.087224326599337,1.8573290269131733,1.8762291769204684,3.6004794999999996,-4.281643835616371e-05,-0.00024556224489795755,True,690.0,-6.6966624487229e-05,-0.0005455092222621468,0.9555942448151008
Batch 1,B1_041,41,8C(15%)-3.6C,1051.0,1050,0.88106161,1.0820209,1050.0,,,1.0,0.8142741142985316,False,1,99,1.0,2.0,3.5,8.0,15.0,3.6,-0.012358568562846162,-0.02850629135902205,0.00920964766013866,-4.071513969179501,1.082886786868687,1.0830611,0.0006614050883900506,-1.1224999999994342e-05,-9.669214843125774e-06,0.016744890505050507,2.0353571428571366e-06,0.0,33.07332253245542,36.8232453030303,12.091290892255918,1.849909796791395,1.8822241900158094,3.6004798636363633,-4.6138509316769834e-05,-0.00016174166666666756,True,800.0,-6.656401718729198e-05,-0.0005814871691496809,0.9704404571127868
Batch 1,B1_042,42,8C(25%)-3.6C,702.0,701,0.88035142,1.0829167,701.0,,,1.0,0.8129447260347911,False,1,99,1.0,2.0,3.5,8.0,25.0,3.6,-0.020599210252813274,-0.04470964572873015,0.014691701886352647,-3.6658557852690015,1.083889183838384,1.0840977,0.0006395508190474782,-7.193670886076925e-06,-7.099162286985007e-06,0.01671562283838384,3.1873600000000003e-06,0.0,33.58506724391689,37.673212,11.178124326599383,1.9065649647401142,2.0958270559817187,7.999503363636363,-5.684634009009041e-05,-0.0003630971726190478,True,495.0,-7.566213180663736e-05,-0.0008006021075622869,0.9810251270429238
Batch 1,B1_043,43,8C(25%)-3.6C,651.0,650,0.88044435,1.0708795,650.0,,,1.0,0.8221693944089882,False,1,99,1.0,2.0,3.5,8.0,25.0,3.6,-0.019165626778476195,-0.044605890152637384,0.014659206551211425,-3.667779071634814,1.070522194949495,1.0708283,0.0008917599141955492,-3.2673846153844586e-05,-3.225106864150365e-05,0.016104855565656565,2.9671749999999815e-06,0.0,33.339782658681436,36.82060524242424,11.17782324915825,1.8806125623327143,2.1085430758746404,7.9988340909090905,-5.9492063492064835e-05,-0.0002479916666666693,True,490.0,-8.323773082658672e-05,-0.0009309605710559863,0.9835669462556361
Batch 1,B1_044,44,8C(35%)-3.6C,616.0,615,0.88048309,1.0876219,615.0,,,1.0,0.8095488790727734,False,1,99,1.0,2.0,3.5,8.0,35.0,3.6,-0.02932909290131706,-0.05879707165403769,0.019482738329137973,-3.42070000480644,1.0868420717171718,1.0871578,0.0011324582364728485,-4.331803278688598e-05,-4.222089504697998e-05,0.01741384996969697,3.450303030303041e-06,0.0,32.55333216968653,35.79095866666667,10.258049427609434,1.9726187449893302,2.295183087624756,7.999949045454544,-5.86732142857173e-05,-0.000436371000000002,True,430.0,-9.511744706465291e-05,-0.0008993910524942249,0.9778545102006952
Batch 1,B1_045,45,8C(35%)-3.6C,599.0,598,0.88104212,1.0867909,598.0,,,1.0,0.8106822756797099,False,1,99,1.0,2.0,3.5,8.0,35.0,3.6,-0.028866090521135736,-0.059403509916114317,0.019380004883475795,-3.4252922356988535,1.0871594505050506,1.0874,0.0007692257379954453,-2.3839726027397642e-05,-2.2526972447838818e-05,0.016674251585858585,3.466538461538491e-06,0.0,33.0005473910965,36.69642807070708,10.257274326599303,1.9664356725629875,2.293893522363168,7.999607409090908,-5.827554347825892e-05,-0.00039576306207233695,True,430.0,-9.311312750007197e-05,-0.000991857439338527,0.9768507562262274
Batch 2,B2_000,0,5.2C(58%)-4C,477.0,496,0.82661337,1.1040769,477.0,477.0,0.8788079,-19.0,0.7486918438380515,False,0,99,1.0,2.0,3.5,5.2,58.0,4.0,-0.025801000173386008,-0.055061277717081025,0.018045445234188197,-3.4872647963011447,1.105088570707071,1.1058398,0.0031105730342623514,1.730705882352749e-05,1.0050197483675751e-05,0.017335808494949492,3.055492753623227e-06,0.0,31.808470926230026,35.36620380400637,10.17325806397317,1.5841169256012897,1.985555954742747,5.201372681818182,8.930526315789173e-05,-0.0004275588235294124,False,365.0,-9.826756836586982e-05,-0.0016382315866097328,0.9217664706762716
Batch 2,B2_001,1,5.6C(26%)-4.5C,491.0,513,0.82848173,1.1065422,491.0,491.0,0.87698483,-22.0,0.7487122768566802,False,0,99,1.0,2.0,3.5,5.6,26.0,4.5,-0.035595007639683186,-0.0661147205894651,0.022437492319572143,-3.2980513654760366,1.1049235595959594,1.1061579,0.003436063196507257,-1.983333333334854e-05,-3.1866625258790506e-05,0.01755231991919192,-1.866428571428515e-06,0.0,33.60099815475848,36.451634705216804,10.198514225589118,1.8530236416785648,2.1920732439862127,5.601572590909091,-6.195287356322034e-05,-0.00043095750000000097,True,350.0,-0.00016593850630006169,-0.0010989351673391513,0.8776142068329686
Batch 2,B2_002,2,5.2C(50%)-4.25C,424.0,439,0.82700932,1.0748364,424.0,424.0,0.87791914,-15.0,0.769428091568168,False,0,99,1.0,2.0,3.5,5.2,50.0,4.25,-0.02501338642021404,-0.052717818544041395,0.01861554765902094,-3.4602483651128177,1.0746630466666667,1.0761609,0.011293903158766674,-1.507000000000221e-05,-6.105121197639826e-06,0.01646109804040404,2.3131428571426012e-06,0.0,33.17566129490617,37.429077970616994,10.17503702020208,1.505728505405037,1.991377405966865,5.200179727272727,1.984357298475069e-05,-0.0003312307142857124,False,330.0,-0.00011819058225906794,-0.0014012782350252737,0.8638397412337302
Batch 2,B2_003,3,4.65C(44%)-5C,499.0,517,0.82550967,1.0983597,499.0,499.0,0.8777321,-18.0,0.7515840848858529,False,0,99,1.0,2.0,3.5,4.65,44.0,5.0,-0.0200898829186987,-0.05586845261151374,0.017859878559099776,-3.496242996974693,1.1014852565656565,1.1009089,0.0030443226622133123,8.066346153846348e-05,7.46289679885362e-05,0.01591516953535354,2.001857142857174e-06,0.0,33.93805810095692,38.772733971659186,10.173178956229002,1.5577636471544112,1.9670343388279046,5.001139181818182,2.4678409090914542e-05,-0.0004119369658119686,False,380.0,-0.00014913647917192443,-0.0013511583922314013,0.8978197028097037
Batch 2,B2_004,4,4.65C(69%)-6C,444.0,464,0.82712674,1.0893486,444.0,444.0,0.8775568,-20.0,0.7592856317986731,False,0,99,1.0,2.0,3.5,4.65,69.0,6.0,-0.034781796484889084,-0.07029720690084085,0.024196168146335344,-3.232506812226559,1.0859254535353535,1.0866909,0.0032305742589696083,-6.163750000000301e-05,-6.578035355948732e-05,0.016186317888888888,-2.7456436781609382e-06,0.0,33.04820861652687,37.435182660123296,10.231960420875373,1.5810349812079036,1.9766044548823993,4.649786545454544,-3.862873563218353e-05,-0.00046872536231884823,True,310.0,-0.00015104925097798833,-0.0010706031146647038,0.8938801693248118
Batch 2,B2_005,5,3.6C(30%)-6C,416.0,445,0.8261537,1.0987128,416.0,416.0,0.87848473,-29.0,0.751928711488571,False,0,99,1.0,2.0,3.5,3.6,30.0,6.0,-0.04648540460048997,-0.08615002847927744,0.0286456801144953,-3.085881724279185,1.0879375151515152,1.0874257,0.01296949576213955,-0.00019055625000000131,-0.00018602243828634072,0.015297588929292928,-1.5621923076923643e-06,0.0,33.01307013030371,37.65087846482749,10.198699713804725,1.6155401795146664,2.072317026680223,6.001852227272726,-0.00021848461538460822,-0.0005975560714285724,True,245.0,-0.00022712995298808936,-0.0008592351233484725,0.9228711473330506
Batch 2,B2_006,6,3.6C(9%)-5C,393.0,409,0.82940364,1.0895009,393.0,393.0,0.87984282,-16.0,0.7612693481942052,False,0,99,1.0,2.0,3.5,3.6,9.0,5.0,-0.02082479246051704,-0.04987247893740465,0.0171782989638707,-3.53003968650195,1.0929755737373739,1.0924507,0.002911002426144214,7.424393939393883e-05,5.756180124223628e-05,0.016037468727272727,4.6235294117658195e-07,0.0,33.81904518975318,39.79713499833347,10.17931370370378,1.5632997056089681,1.9922185052416856,4.9999566818181815,-9.472333333333527e-05,-0.0006923790322580646,True,270.0,-0.00012356656453496077,-0.0013224936375261017,0.9160662493067318
Batch 2,B2_007,7,4.8C(80%)-4.8C-newstructure,777.0,806,0.8264814,1.0910656,777.0,777.0,0.87985498,-29.0,0.7574992741041419,False,0,99,1.0,2.0,3.5,4.8,80.0,4.8,-0.008823099834708447,-0.021737979924043582,0.007658874533680825,-4.231670089905405,1.0930350373737374,1.0923721,0.0024698310807556184,5.251249999999735e-05,5.744192705845211e-05,0.014790622575757575,3.6999999999987004e-08,0.0,33.769687089746824,37.14950685044426,10.035777525252517,2.0651288361536557,2.032237387504074,4.801472772727272,-6.617910447761267e-05,-0.0002596304347826095,True,590.0,-9.155061922656521e-05,-0.0007801572191921384,0.9174818760814635
Batch 2,B2_008,8,5.2C(58%)-4C-newstructure,904.0,947,0.8255862,1.0912212,904.0,904.0,0.87897998,-43.0,0.7565708950669214,False,0,99,1.0,2.0,3.5,5.2,58.0,4.0,-0.011203415580045941,-0.027841110945332148,0.008887687170060892,-4.10242248030074,1.0901590962626262,1.0917038,0.01221914851519545,-2.27093023255799e-05,-5.30790716674609e-05,0.016466365090909093,1.0416811594202682e-06,0.0,33.59868374090274,35.674109782051225,10.03986983164983,2.0145818271258578,2.05694005241822,5.200594136363636,-5.141025641006337e-07,-0.00020197193475814885,True,695.0,-3.511141053014339e-05,-0.0008597517288670075,0.9568622048775866
Batch 2,B2_009,9,5.6C(26%)-4.5C-newstructure,791.0,819,0.82610458,1.0979091,791.0,791.0,0.87866777,-28.0,0.7524344046333161,False,0,99,1.0,2.0,3.5,5.6,26.0,4.5,-0.0074469603335690065,-0.019754152325308416,0.0067264692113935855,-4.344425682662564,1.0975024424242423,1.0981479,0.001878552772318587,-2.9913333333331237e-05,-3.945754419493187e-05,0.015396235121212121,1.0668604651162972e-06,0.0,32.3508526526095,33.58605048865401,10.039928501683493,2.0372659048906336,2.042685178360068,5.600715999999999,-2.106764705882362e-05,-0.0002481235772357712,True,610.0,-5.1088618987796596e-05,-0.0009268914532051141,0.9326471495744915
Batch 2,B2_010,10,4.8C(80%)-4.8C,492.0,519,0.82791102,1.1100956,492.0,492.0,0.8799966,-27.0,0.7458015507853558,False,0,99,1.0,2.0,3.5,4.8,80.0,4.8,-0.029520296299569426,-0.05580244986198335,0.01881698086828442,-3.4509001132975605,1.1111783965656563,1.1125798,0.011659720700200233,5.627051282051326e-05,6.384393725116053e-05,0.01705791890909091,1.086350000000016e-06,0.0,31.720791269063756,34.35574737651136,10.169499612794551,1.5269845106629234,1.9464563040236467,4.801340954545454,-2.3980000000012326e-06,-0.0005670487804878067,True,345.0,-8.204847964365755e-05,-0.0012923600161513422,0.9346252665026433
Batch 2,B2_011,11,5.2C(50%)-4.25C,449.0,468,0.82524824,1.0974864,449.0,449.0,0.87977809,-19.0,0.7519439329726546,False,0,99,1.0,2.0,3.5,5.2,50.0,4.25,-0.024012633467613773,-0.05489875594719695,0.018084370230729268,-3.485393220979881,1.1010659737373738,1.1020097,0.01436863062561724,0.00010600222222222221,0.00012643977384934718,0.01721894155555555,3.851939759036148e-06,0.0,33.146477466034135,37.95576609273272,10.173883215488235,1.5013254573288453,1.964965486387404,5.201025863636363,6.0578571428572736e-05,-0.0004478538461538502,False,340.0,-3.967416856483283e-05,-0.0017833116060159363,0.9429615433527393
Batch 2,B2_012,12,4.65C(44%)-5C,466.0,493,0.82528538,1.1027371,466.0,466.0,0.87776774,-27.0,0.7483972199720133,False,0,99,1.0,2.0,3.5,4.65,44.0,5.0,-0.039397592272154384,-0.07733124344865683,0.026062484613553163,-3.1679683681509765,1.104144308080808,1.1043751,0.0021044591743401993,3.653521126760543e-05,3.275929447364646e-05,0.01652292034343434,-3.017696969696963e-06,0.0,31.314676947956993,33.5953920153671,10.174858552188601,1.669975755294682,1.9868449785874103,5.001796363636363,-9.715990783409491e-05,-0.00061336016414141,True,310.0,-0.00013942607529330794,-0.0010951947607626572,0.9197009869290267
Batch 2,B2_013,13,4.65C(69%)-6C,460.0,483,0.82574999,1.0958422,460.0,460.0,0.8768245,-23.0,0.7535300155442088,False,0,99,1.0,2.0,3.5,4.65,69.0,6.0,-0.03407002212261209,-0.06467448840609535,0.021270423605120513,-3.3444477218838284,1.0949361080808082,1.0952849,0.0014655567238952023,-1.0409259259259441e-05,-8.52741041567002e-06,0.016067178222222225,-3.360333333333442e-06,0.0,31.946988973926523,35.0716189725971,10.214119579124512,1.569096436702457,1.9703259400853896,4.651650545454546,-5.0303571428576274e-05,-0.0005156244840525321,True,335.0,-0.00011719284620945046,-0.0013257214350251485,0.9395356265514073
Batch 2,B2_014,14,3.6C(30%)-6C,426.0,461,0.82618046,1.0842229,426.0,426.0,0.8766908,-35.0,0.7620024074385442,False,0,99,1.0,2.0,3.5,3.6,30.0,6.0,-0.04455576451036339,-0.0837144352028476,0.02758925777024375,-3.118519966248836,1.0792566424242422,1.0780272,0.0035360729254499553,-9.176666666665945e-05,-0.0001001943749004632,0.016259522828282826,-1.2542391304347819e-06,0.0,32.123877001585356,35.20046863818076,49.87950749158258,1.6225756898910206,2.0809899419296998,6.001699590909091,-0.00014827379807693045,-0.00047848805555555484,True,320.0,-0.00020092017084283393,-0.0012775904819007419,0.9280508943056319
Batch 2,B2_015,15,3.6C(9%)-5C,396.0,414,0.82608759,1.0703146,396.0,396.0,0.8790586,-18.0,0.7718175478499499,False,0,99,1.0,2.0,3.5,3.6,9.0,5.0,-0.024135288352654265,-0.05093467639415561,0.01745315865609385,-3.516251926776714,1.0750435303030301,1.0765941,0.0030415483252091372,8.325774647887258e-05,8.864344640866963e-05,0.016303822929292926,-1.3993199999999538e-06,0.0,32.862747677246595,36.07268366663823,10.173053501683547,1.519227072809018,2.002135314569009,5.002224636363636,-9.076666666665948e-05,-0.0005631133333333279,True,275.0,-0.00013285563121189062,-0.001169647027449479,0.9094337828073596
Batch 2,B2_016,16,4.8C(80%)-4.8C,472.0,499,0.82648873,1.0965556,472.0,472.0,0.87978011,-27.0,0.7537134733523772,False,0,99,1.0,2.0,3.5,4.8,80.0,4.8,-0.026244652410942603,-0.0532543676756424,0.01788790600184925,-3.494880991874622,1.0970297515151517,1.0974309,0.0019939284871606953,-1.7838461538462086e-05,-2.2458525242871458e-05,0.01749052915151515,3.050000000000346e-07,0.0,32.7673986704417,36.992036254667184,10.171620942760958,1.5339424751262203,1.9578875528610458,4.800288454545454,-2.3314754098363134e-05,-0.00047798863636363593,True,335.0,-0.00015147415302457936,-0.0011119038261387297,0.9022842667872525
Batch 2,B2_017,17,5.6C(26%)-4.5C,471.0,494,0.8272146,1.0921801,471.0,471.0,0.87988895,-23.0,0.7573976123534938,False,0,99,1.0,2.0,3.5,5.6,26.0,4.5,-0.024346340387445996,-0.05256239657553352,0.017775750085383565,-3.5003441284740386,1.0939235666666667,1.0936327,0.002237246233426176,4.140149253731337e-05,3.920608058608689e-05,0.017088656323232324,-9.377199999999197e-07,0.0,32.988612809790894,34.74907966738554,10.181222777777869,1.9664076808483595,2.23014383321851,5.602137818181818,-0.00012359999999999745,-0.0005279034482758591,True,305.0,-0.00014396954511977644,-0.0009130630173719329,0.9132217274766539
Batch 2,B2_018,18,5.2C(50%)-4.25C,449.0,467,0.82719898,1.0772347,449.0,449.0,0.87836123,-18.0,0.7678911383006879,False,0,99,1.0,2.0,3.5,5.2,50.0,4.25,-0.016640891110932494,-0.03974566910430133,0.014007112988725735,-3.707302736176298,1.0825073353535357,1.0825152,0.003542329844150284,0.00010973695652174142,0.00010981586399107856,0.016646742727272724,2.395230769230769e-06,0.0,32.88627829858526,36.40182568496011,10.174147626262663,1.6808709372566317,2.028751155859452,5.201610227272727,-6.215000000000013e-05,-0.00038087534246575484,True,345.0,-0.00011528945292174288,-0.0013945100221975197,0.9032051265471371
Batch 2,B2_019,19,6C(60%)-3C,392.0,411,0.82597393,1.0926902,392.0,392.0,0.87817252,-19.0,0.7559086097779589,False,0,99,1.0,2.0,3.5,6.0,60.0,3.0,-0.03430820779792185,-0.06565175087353758,0.02259545014450688,-3.291958004542694,1.094755986868687,1.0950593,0.0028535583597285785,2.0952173913041786e-05,1.2324980092367542e-05,0.016718258151515154,2.7856078431372492e-06,0.0,32.770067410122046,36.54883267067881,10.173763619528666,1.6096270261866137,2.1239352787221346,6.0012384090909086,-8.340851063829873e-05,-0.0006248999999999998,True,290.0,-0.00010372013441950522,-0.0016220567912542164,0.9240975044789289
Batch 2,B2_020,20,5.2C(58%)-4C,489.0,506,0.82856864,1.0988334,489.0,489.0,0.87974203,-17.0,0.754043916029491,False,0,99,1.0,2.0,3.5,5.2,58.0,4.0,-0.02443513945158844,-0.06050408803806073,0.019025990882654623,-3.441305431410401,1.1000841181818182,1.1002773,0.0021209181945641823,3.475294117646856e-05,2.7545793916224386e-05,0.016610858888888892,3.3113846153846457e-06,0.0,33.61911118506716,36.88625705741767,49.79333134680135,1.6659551122559195,2.011400272973005,5.201530454545454,8.297469879518107e-05,-0.0003240550000000009,False,385.0,-2.2939591943814215e-05,-0.0018663744099197438,0.9467884457211534
Batch 2,B2_021,21,6C(60%)-3C,408.0,426,0.82783753,1.1005412,408.0,408.0,0.87569231,-18.0,0.7522094856603279,False,0,99,1.0,2.0,3.5,6.0,60.0,3.0,-0.03328855261100499,-0.06446758204398206,0.021710031940369627,-3.326679075199306,1.1011154092929292,1.1025152,0.01110453899947567,3.30131147540958e-05,3.9052729096991255e-05,0.017200276171717172,2.8969782608695457e-06,0.0,33.60118814118363,38.660766342322724,10.174732340067363,1.560039169856712,2.1020154278621974,6.000428636363636,-6.709999999998661e-05,-0.0006683954545454552,True,290.0,-9.200769880810184e-05,-0.0015039764271080336,0.9368578213267895
Batch 2,B2_022,22,VarCharge-2C-100cycles,,920,1.0556005,1.0928936,920.0,,,,0.9658767331055831,True,0,99,1.0,2.0,3.5,,,,-0.002618816303222525,-0.006779169322993939,0.0047798652079726585,-4.641168700608012,1.1021826104040404,1.0924413,0.10875360337038596,-2.676538461538352e-05,0.0007476909772256729,0.021770682,0.0,0.0,34.50224371401082,38.12900722940261,33.66724856902348,1.5236389024836603,0.788966495277397,2.000270772727273,-7.619848336594851e-05,9.956401622943638e-09,False,,,,
Batch 2,B2_023,23,VarCharge-4C-100cycles,,1152,0.97824305,1.0912741,1152.0,,,,0.8964228602144961,True,0,99,1.0,2.0,3.5,,,,-0.011590160361131023,-0.01921756649136097,0.006635487897855377,-4.356254277157163,1.0962064574747474,1.089658,0.1082648818940375,-8.471718749999968e-05,0.0006328918507724239,0.021160888999999992,0.0,0.0,34.147927604894626,35.52762158388801,21.78754757575758,2.6792462206734102,1.7366352231864615,4.000363363636364,-9.274020618556585e-05,-0.00011109090909091421,False,945.0,-6.524959025115702e-05,-0.00024089683982958055,0.8231314180749948
Batch 2,B2_024,24,4.8C(80%)-4.8C,514.0,536,0.82615805,1.0941064,514.0,514.0,0.87924409,-22.0,0.7550984529475377,False,0,99,1.0,2.0,3.5,4.8,80.0,4.8,-0.022771479774763584,-0.04572997432532899,0.015120194088296018,-3.6408852680750527,1.0963041979797978,1.0962455,0.00242381392904839,3.980952380952309e-05,4.004748686096753e-05,0.01651537671717172,1.0038225806451566e-06,0.0,33.206377241160645,38.17140352057085,10.16999885521886,1.6057305147409913,1.980891985423542,4.801819545454546,1.6880952380948777e-06,-0.00043117499999999794,False,380.0,-8.198922095826273e-05,-0.0012898177715725137,0.9314076889396554
Batch 2,B2_025,25,5.2C(58%)-4C,493.0,511,0.82751423,1.1001149,493.0,493.0,0.87891299,-18.0,0.7522070921864618,False,0,99,1.0,2.0,3.5,5.2,58.0,4.0,-0.023610982444417374,-0.05050846489030969,0.017090746597441777,-3.5344779300217333,1.1022470464646466,1.1022429,0.0024452608617701074,4.197014925373189e-05,3.655321070234296e-05,0.01674041588888889,2.6781875e-06,0.0,32.23848796399698,34.442510549892894,10.172931649831627,1.6632441037835435,2.0091702631412005,5.201606772727272,5.735316455696208e-05,-0.00033446774193548394,False,385.0,-3.952067790227373e-05,-0.0017257939027543712,0.9487176566391038
Batch 2,B2_026,26,5.6C(26%)-4.5C,450.0,476,0.82529837,1.1055447,450.0,450.0,0.87967581,-26.0,0.746508368227897,False,0,99,1.0,2.0,3.5,5.6,26.0,4.5,-0.03803854165400028,-0.0733087791289827,0.024489120946046897,-3.2220536077932804,1.10416721010101,1.1048003,0.002163467579712804,-4.813333333331116e-06,-8.591318681323915e-06,0.017700572575757578,-2.6302142857142905e-06,0.0,33.75843376995604,36.91322322353181,49.8213119360269,1.8655032848728201,2.1831554853968895,5.599606272727272,-0.00010273802816901613,-0.0005409710526315758,True,325.0,-0.0001777070273542044,-0.0012622198909622569,0.9059460326702305
Batch 2,B2_027,27,5.2C(50%)-4.25C,474.0,493,0.8266983,1.0951403,474.0,474.0,0.87959087,-19.0,0.7548788954255451,False,0,99,1.0,2.0,3.5,5.2,50.0,4.25,-0.024683927802242576,-0.05449125756065937,0.0180675049989355,-3.48620363289781,1.0985360303030303,1.0980722,0.0027241230846826517,8.428431372548986e-05,8.367819397993538e-05,0.01758869122222222,2.6558333333333178e-06,0.0,33.30411096115286,38.09066395642736,10.17464639730628,1.6142564085316504,1.9978096746067595,5.20148709090909,5.9332142857142023e-05,-0.0003899063492063471,False,365.0,-4.300956302647718e-05,-0.0017361618179064355,0.9452058051162634
Batch 2,B2_028,28,4.8C(80%)-4.8C,437.0,456,0.82741743,1.0921518,437.0,437.0,0.87717742,-19.0,0.7576029540948429,False,0,99,1.0,2.0,3.5,4.8,80.0,4.8,-0.027989332592662373,-0.05649138678277321,0.019422020824352754,-3.4234111691232063,1.095054122222222,1.0951691,0.0024796335011265905,5.448979591836633e-05,5.108195572543323e-05,0.016274739303030306,-1.2936521739130387e-06,0.0,32.143914131113334,35.334859521378185,49.80539951178444,1.6043529040335893,1.983999047890996,4.799738818181818,-4.2898795180721855e-05,-0.0005493710144927554,True,310.0,-0.00012753820032923176,-0.0012864483022290455,0.9151471294848996
Batch 2,B2_029,29,5.2C(58%)-4C,452.0,470,0.82541627,1.1035252,452.0,452.0,0.87586135,-18.0,0.7479813510375658,False,0,99,1.0,2.0,3.5,5.2,58.0,4.0,-0.02532223237657199,-0.05263352953614442,0.017614726746538883,-3.5082481790944344,1.1100257606060604,1.1098274,0.0037116416563656935,0.00011400555555555562,0.00011401295747730604,0.016732251515151515,2.9473863636363057e-06,0.0,31.797490897448796,34.43823202248059,10.173048585858563,1.6070928414777923,1.9913155535485916,5.200824727272726,4.3659322033895816e-05,-0.00048351891891892105,False,340.0,-4.7245867310935885e-05,-0.0017666835188605882,0.9490656119176386
Batch 2,B2_030,30,5.6C(26%)-4.5C,412.0,429,0.82665932,1.0962735,412.0,412.0,0.87975085,-17.0,0.754063032628263,False,0,99,1.0,2.0,3.5,5.6,26.0,4.5,-0.03965588948997045,-0.07552303651130998,0.02554437142360075,-3.1854095592748743,1.0929829222222223,1.0930492,0.003471648455662709,-8.44933333333279e-05,-8.940455964325517e-05,0.016883249333333333,-4.239785714285676e-06,0.0,33.81182141567536,37.34308786098118,49.82939452861952,1.8248322959576484,2.168482995175952,5.600979545454545,-0.0001539937499999977,-0.0005577500000000013,True,305.0,-0.000165927836892391,-0.0013253166942178134,0.9301563042561929
Batch 2,B2_031,31,5.6C(26%)-4.5C,425.0,446,0.82528561,1.0990947,425.0,425.0,0.87928772,-21.0,0.7508776177339405,False,0,99,1.0,2.0,3.5,5.6,26.0,4.5,-0.030624456764042955,-0.06422883358208353,0.021077572133496442,-3.35235883148731,1.0998533494949494,1.099452,0.0017860116806856774,4.525227272727578e-05,4.7088318203547896e-05,0.016325805828282827,-2.498464285714249e-06,0.0,33.3758501254003,35.656391701768925,10.194512441077386,1.8972790065007783,2.185054603272063,5.600409090909091,-0.00011224473684210306,-0.0005695342857142873,True,300.0,-0.0001714675716971827,-0.001211395190042518,0.8982398387005359
Batch 2,B2_032,32,4.8C(80%)-4.8C-newstructure,809.0,834,0.82744044,1.0897303,809.0,809.0,0.87594575,-25.0,0.7593075460964974,False,0,99,1.0,2.0,3.5,4.8,80.0,4.8,-0.013389939833647101,-0.02746120651303563,0.008595416434396493,-4.131466155166347,1.0900473909090909,1.09124,0.0030514738774422585,-5.9569230769218606e-05,-7.674978818282664e-05,0.014811171424242424,-7.706976744186065e-07,0.0,32.16894887045923,33.94637920302099,49.67143777777785,2.070142356104105,2.0329549306525503,4.799412818181818,-4.460915492957683e-05,-0.00026428492063492105,True,600.0,-8.512862834011133e-05,-0.0006768919066110059,0.9233014779171865
Batch 2,B2_033,33,5.2C(58%)-4C-newstructure,1140.0,1190,0.82506907,1.0742047,1140.0,1140.0,0.87932533,-50.0,0.7680743437447258,False,0,99,1.0,2.0,3.5,5.2,58.0,4.0,-0.01157954100778618,-0.024084742136216253,0.007659242858910271,-4.23162831933775,1.0705903191919193,1.0734634,0.015028060800760778,-4.097142857143307e-05,-0.00013961106864150057,0.014990987444444446,3.1718421052633114e-07,0.0,32.74157143407892,34.30263809635044,10.03956353535346,2.1841544530009687,2.076111825423998,5.202090545454545,-4.703381897522563e-05,-0.00010934960317460197,True,905.0,-5.69608890828892e-05,-0.0005847325615206545,0.9832266691006535
Batch 2,B2_034,34,5.6C(26%)-4.5C-newstructure,1186.0,1252,0.82562441,1.0681121,1186.0,1186.0,0.87955695,-66.0,0.7729754302006315,False,0,99,1.0,2.0,3.5,5.6,26.0,4.5,-0.008120054579074071,-0.01914294964399932,0.005966331959763814,-4.448585173324752,1.0671324676767675,1.0681078,0.0020980947717854693,-2.9499999999978616e-05,-6.514612836439189e-05,0.01495288393939394,4.701951219512027e-07,0.0,35.66789148456313,38.96110461672359,49.6776396632997,2.2019485684046405,2.0763025983615924,5.60162109090909,-4.6142956349206295e-05,-0.00011766742981456482,True,940.0,-5.948734382775167e-05,-0.0005264001392871175,0.9744916446850529
Batch 2,B2_035,35,VarCharge-6C-100cycles,,423,0.88112044,1.0676682,423.0,,,,0.8252755303567157,False,0,99,1.0,2.0,3.5,,,,-0.044821244304517734,-0.07570840765806064,0.0245779422572006,-3.2189089608610653,1.0564124238383839,1.0471689,0.10393371169644983,-0.0004127333333333964,0.0003064950651377601,0.020666520999999993,0.0,0.0,36.507257940976096,38.37857902090733,17.708760673400665,3.367197547911287,2.7305802819661693,6.001657999999999,-0.00021859503676470644,-0.0004598530878332195,True,290.0,-0.00029839343470304915,-0.0006519092691594809,0.9184608362891484
Batch 2,B2_036,36,VarCharge-8C-100cycles,,280,0.88107425,1.0693724,280.0,,,,0.8239171405583312,False,0,99,1.0,2.0,3.5,,,,-0.08442876531435932,-0.1360257368450053,0.045450754317191394,-2.6849178093471577,1.0431138077777777,1.032944,0.10162336243111596,-0.0007806893939393956,-5.349455263576996e-05,0.02033557,0.0,0.0,38.56623803155033,41.3959147615797,16.394327962962983,3.727575607646726,3.399003618557691,8.000297545454544,-0.0003704629999999942,-0.0007230696205357146,False,,,,
Batch 2,B2_037,37,3.6C(80%)-3.6C(SLOWCYCLE,,101,2.1693008,1.0845034,101.0,,,,2.0002710918195366,True,0,99,1.0,2.0,3.5,3.6,80.0,3.6,-0.0029820466170849703,-0.028681743378075525,0.004118077890082801,-4.770610886629153,1.0951420817171718,1.0850737,0.10921181852053999,-5.206122448978624e-06,0.0007803050179964966,0.017241923626262628,1.4041184210526035e-06,0.0,32.93003403034187,38.01191656898937,18.21994124579139,1.4759636161205052,1.5433599757075591,3.6003173636363632,2.6072222222212854e-05,7.357777777788281e-06,False,,,,
Batch 2,B2_038,38,4.8C(80%)-4.8C(SLOWCYCLE,,101,2.1653843,1.0853578,101.0,,,,1.9950879792820395,True,0,99,1.0,2.0,3.5,4.8,80.0,4.8,-0.013148209711945615,-0.03614952540357205,0.0078041367858267315,-4.215350254359975,1.0949971717171716,1.0830631,0.10838351697860539,-4.8230434782607816e-05,0.0007141847443860426,0.01658499318181818,-7.464358974359437e-07,0.0,33.16550806710767,400.0,14.917342457912511,1.5966771772436172,1.984507269513086,4.8012074545454535,1.4153333333348043e-05,3.854305555555289e-05,False,,,,
Batch 2,B2_039,39,3.6C(9%)-5C(SLOWCYCLE,,434,0.88120419,1.0733504,434.0,,,,0.8209846383809053,False,0,99,1.0,2.0,3.5,3.6,9.0,5.0,-0.034553019650159944,-0.06095179783518334,0.020830910518466618,-3.3625834932774885,1.0819322909090907,1.072063,0.10613576032788759,-6.779878048780414e-05,0.000680541896798857,0.016808221434343434,-2.338103448275884e-06,0.0,32.886249589388996,37.62435433742629,14.922638872053804,1.6317505905749505,2.022715856309713,5.001479045454545,-0.00011089436619718435,-0.0005498103448275871,True,290.0,-0.00016709891871348237,-0.0009259752075947601,0.9419032721006073
Batch 2,B2_040,40,5.2C(58%)-4C(SLOWCYCLE,,459,0.88021344,1.0852251,459.0,,,,0.8110883539276783,False,0,99,1.0,2.0,3.5,5.2,58.0,4.0,-0.025475830828251757,-0.048163210220580344,0.015856829696226406,-3.599567276289552,1.0964519373737374,1.0853851,0.10815573986359557,-1.090416666666489e-05,0.0007476598901098912,0.0,0.0,1.0,32.46931392128253,36.705870270590154,54.54489562289566,1.5734840877809007,2.000331536733727,5.201624090909091,-0.00011383067292644686,-0.0005031940514905145,True,320.0,-0.00016561406079412127,-0.0010304727478530561,0.9252737698540986
Batch 2,B2_041,41,5.6C(26%)-4.5C,442.0,463,0.82606894,1.1055639,442.0,442.0,0.87561637,-21.0,0.7471923965679415,False,0,99,1.0,2.0,3.5,5.6,26.0,4.5,-0.03776829149570126,-0.08093104924483757,0.02593087041762259,-3.1723658101769976,1.1059561515151515,1.1059666,0.001773037623849087,2.9273170731706942e-05,2.763353240961766e-05,0.0,0.0,1.0,30.193787010451164,32.72284623520075,49.81976715488214,1.8380646547711263,2.1745322716169815,5.601204954545454,-5.249239856188763e-05,-0.0005797360389610363,True,315.0,-0.00012928259640720995,-0.001357316105183414,0.9201747643444325
Batch 2,B2_042,42,5.2C(50%)-4.25C,474.0,497,0.82577723,1.1036506,474.0,474.0,0.87909251,-23.0,0.7482234232464514,False,0,99,1.0,2.0,3.5,5.2,50.0,4.25,-0.02934071492636848,-0.054167624970645756,0.018142877824005862,-3.482587648007536,1.107131119191919,1.1068239,0.003431546416368161,9.423888888889416e-05,8.673744545309738e-05,0.0,0.0,1.0,31.709620029469267,35.574378964676875,10.175111565656564,1.5692901920131512,1.9787102892270505,5.199709818181818,4.094999999999992e-05,-0.0005603115384615374,False,335.0,-3.8514845628203865e-05,-0.0014288461371040149,0.9441209675580916
Batch 2,B2_043,43,4.8C(80%)-4.8C-newstructure,1029.0,1061,0.82532436,1.1010081,1029.0,1029.0,0.87819684,-32.0,0.7496078911681031,False,0,99,1.0,2.0,3.5,4.8,80.0,4.8,-0.007778348351393461,-0.019164842112240565,0.007313226691948413,-4.271781928623568,1.0986638707070708,1.1002626,0.0032284877935201545,-5.7499999999999216e-05,-8.207105590061978e-05,0.0,0.0,1.0,33.92914533704784,36.97438163334141,10.036751245791278,2.067487472052272,2.020577916009482,4.800799954545454,-1.0477142857144374e-05,-0.00017462978723404215,True,805.0,-4.732120108928598e-05,-0.0007497715896098109,0.9450866611998168
Batch 2,B2_044,44,5.2C(58%)-4C-newstructure,841.0,874,0.82503617,1.0982679,841.0,841.0,0.87827092,-33.0,0.7512157734920596,False,0,99,1.0,2.0,3.5,5.2,58.0,4.0,-0.00875057261717091,-0.020302277620516618,0.006572616002036624,-4.36452348032534,1.0976287414141412,1.0979879,0.001290630019939643,-2.5071428571429312e-05,-2.9368394648826308e-05,0.0,0.0,1.0,33.95995836968299,36.8790253111546,49.66138013468012,2.083543673810927,2.0494295457787666,5.200708545454545,8.853011030066364e-06,-0.0001537805291005286,False,690.0,-4.260765047963172e-05,-0.0012195722064518102,0.9546790769257828
Batch 2,B2_045,45,5.6C(26%)-4.5C-newstructure,997.0,1027,0.82734823,1.1035562,997.0,997.0,0.87894398,-30.0,0.74971100701532,False,0,99,1.0,2.0,3.5,5.6,26.0,4.5,-0.011157666285585533,-0.026670418787086536,0.008173207510565158,-4.175214949171005,1.1012188434343433,1.1029439,0.008355580481589457,-5.8527631578945315e-05,-8.36388612836361e-05,0.0,0.0,1.0,35.271412144027664,37.86687606904902,10.040190555555519,2.074422914925837,2.0354240782730315,5.600495772727273,6.446534653465501e-06,-0.0002267543859649136,False,745.0,-4.0434899700610955e-05,-0.0007075768078510474,0.9403014341299356
Batch 2,B2_046,46,4.8C(80%)-4.8C,503.0,523,0.82638663,1.1018363,503.0,503.0,0.87838608,-20.0,0.7500085357507281,False,0,99,1.0,2.0,3.5,4.8,80.0,4.8,-0.02283429863191323,-0.05286240500828243,0.01760201689841387,-3.5088751328187,1.102562018181818,1.1025497,0.0023167815676310576,2.542702702702605e-05,1.981349259437136e-05,0.0,0.0,1.0,29.88150861827619,31.01220065415558,49.80284373737375,1.5505320999523198,1.9594747308370508,4.801037545454545,4.218643330571689e-05,-0.00040555881642512226,False,380.0,-0.00014052876634732615,-0.0013320551193972468,0.913241976102859
Batch 3,B3_000,0,5C(67%)-4C-newstructure,1009.0,1008,0.8804329,1.069415,1008.0,,,1.0,0.8232845995240388,False,0,99,1.0,2.0,3.5,5.0,67.0,4.0,-0.01010217739369119,-0.02331165742747432,0.007541236568962176,-4.245114870317645,1.0703864353535353,1.0705535,0.0006524584907139318,-1.831052631578719e-05,-1.5158867654082956e-05,0.015235852282828284,3.412399999999649e-07,0.0,32.194853230782606,33.560153344027476,10.042610084175084,2.1328831055232067,2.0525120254969873,5.00115309090909,-4.875779816513917e-05,-0.00011058108108107877,True,840.0,-6.251875954936627e-05,-0.0007739154718210433,0.953509347229578
Batch 3,B3_001,1,5.3C(54%)-4C-newstructure,1063.0,1062,0.8802734,1.067446,1062.0,,,1.0,0.8246537998175084,False,0,99,1.0,2.0,3.5,5.3,54.0,4.0,-0.009621018929360837,-0.022324177554068236,0.007198278489875552,-4.28554271039912,1.0677216717171716,1.0678484,0.0007058329505554828,-2.5204444444441402e-05,-2.3035981844234756e-05,0.014984559090909092,8.491111111110605e-07,0.0,34.83231929224147,37.98835277556221,10.041381363636303,2.157719019080408,2.0759445562178196,5.30095359090909,-4.912858961128374e-05,-0.00010297852020860245,True,870.0,-5.9177321153661254e-05,-0.0007039671112055375,0.9753544694887748
Batch 3,B3_002,2,5.6C(19%)-4.6C-newstructure,1267.0,1266,0.88013124,1.0622501,1266.0,,,1.0,0.8285536899455223,False,0,99,1.0,2.0,3.5,5.6,19.0,4.6,-0.002613142335483252,-0.008648038341613706,0.004076708933368693,-4.779380589920981,1.0620735151515153,1.0622195,0.0007432407954856966,-2.7788679245281903e-05,-2.7150113075325063e-05,0.014618566616161614,-1.1754915254237103e-06,0.0,36.79033178065713,40.5242590441136,10.043663265993228,2.19469066928895,2.062110227682234,5.600480181818181,-4.305633729050285e-05,-0.00010367727272727092,True,985.0,-5.248257885885386e-05,-0.00047129505565201755,0.9861008164955342
Batch 3,B3_003,3,5.6C(36%)-4.3C-newstructure,1115.0,1114,0.88058406,1.0645473,1114.0,,,1.0,0.8271911074312996,False,0,99,1.0,2.0,3.5,5.6,36.0,4.3,-0.010705414352713173,-0.026836614735112785,0.008743717444096716,-4.116607770381197,1.0646530202020204,1.0647986,0.0006100444145723906,-2.2345454545451155e-05,-1.969855709507913e-05,0.014999963767676767,6.105499999999909e-07,0.0,36.08374244976545,39.4408972847914,10.041502946127975,2.190599375018512,2.0823063072545214,5.6003085,-4.4255248618785575e-05,-0.0001065611764705863,True,905.0,-5.669055386082352e-05,-0.000630840814930214,0.969688314547948
Batch 3,B3_004,4,5.6C(19%)-4.6C-newstructure,1048.0,1047,0.88001466,1.0741045,1047.0,,,1.0,0.8193007849794876,False,0,99,1.0,2.0,3.5,5.6,19.0,4.6,-0.010106438868906728,-0.024810275761238065,0.008142676169150402,-4.178465673149821,1.0745377696969698,1.0746464,0.0004883712387389834,-1.351527777777707e-05,-1.1781070234118693e-05,0.015129103909090906,4.2186486486485845e-07,0.0,32.11715379681872,32.98110366119803,10.045573973063998,2.0914089310622304,2.0471146381107563,5.599313227272726,-4.871063002008054e-05,-0.00015604067513369117,True,815.0,-6.280563284270059e-05,-0.0006075731783809065,0.9622639276573499
Batch 3,B3_005,5,5.6C(36%)-4.3C-newstructure,828.0,827,0.88066918,1.0533983,827.0,,,1.0,0.8360267716399391,False,0,99,1.0,2.0,3.5,5.6,36.0,4.3,-0.011445765437692483,-0.025445098246365427,0.008765728448902952,-4.114423974726586,1.0531571414141414,1.0533998,0.0006473749251210896,-2.3470491803281094e-05,-2.237926580665397e-05,0.01518261805050505,4.7618644067794604e-07,0.0,35.56013985266867,39.69079276471186,10.042010656565727,2.156756898434968,2.0989102246270117,5.6016055,-6.38099508599481e-05,-0.00016213740601503526,True,680.0,-8.275872493179955e-05,-0.0007612761922708996,0.9352730373968268
Batch 3,B3_006,6,3.7C(31%)-5.9C-newstructure,667.0,666,0.88052577,1.0629483,666.0,,,1.0,0.8283806183235817,False,0,99,1.0,2.0,3.5,3.7,31.0,5.9,-0.028517561100453774,-0.05320164659124538,0.01726417793759377,-3.5257081929454923,1.053759712121212,1.0537841,0.005816926229692818,-0.00020308484848485125,-0.0002030154196528045,0.013730660939393938,2.327509803921559e-06,0.0,34.1072055276095,36.98765147763979,10.080923367003404,2.1552783083839797,2.1535136750466735,5.898668136363636,-0.00021349065934065834,-0.0003023864964447325,False,500.0,-0.0002162042139240364,-0.0004327298600341723,0.9403344708854664
Batch 3,B3_007,7,4.8C(80%)-4.8C-newstructure,1836.0,1835,0.88036358,1.0689943,1835.0,,,1.0,0.8235437550976652,False,0,99,1.0,2.0,3.5,4.8,80.0,4.8,-0.007037779014879844,-0.017059021835070354,0.005696772889803214,-4.488742187967907,1.0701774252525253,1.0703373,0.0006324969512459371,-1.2279687500001829e-05,-1.0694795349574862e-05,0.015428265515151515,6.697826086956341e-07,0.0,32.79694473003086,34.27477909930834,11.040740218855252,1.9871961083149952,1.8489461965209197,4.364320545454545,-3.5863467492260004e-05,-7.712357050032428e-05,True,1425.0,-4.1583689289564e-05,-0.0003096637632485512,0.9691387999355293
Batch 3,B3_008,8,5C(67%)-4C-newstructure,828.0,827,0.88094097,1.0669744,827.0,,,1.0,0.8256439610922248,False,0,99,1.0,2.0,3.5,5.0,67.0,4.0,-0.011806368426415048,-0.026848970612832312,0.008997008303112352,-4.091803757442373,1.068006090909091,1.0682427,0.0006720693559464083,-1.4699999999967516e-05,-1.3573261665868152e-05,0.015253319353535355,1.2666666666360146e-08,0.0,33.05552416009523,35.07929651965403,10.043270673400722,2.0867952990018397,2.047453372874541,5.000629454545454,-4.848581595172589e-05,-0.00013526277777777606,True,685.0,-7.234773415064538e-05,-0.0009098423501152605,0.9497736533675255
Batch 3,B3_009,9,5.3C(54%)-4C-newstructure,1039.0,1038,0.8801114,1.0718178,1038.0,,,1.0,0.8211390032895516,False,0,99,1.0,2.0,3.5,5.3,54.0,4.0,-0.014478011810756069,-0.0295752747869662,0.010205905047944403,-3.982296953008088,1.0728593262626263,1.0729898,0.0005937099552272031,-9.890476190467182e-06,-8.854330307374407e-06,0.0157985837979798,9.529552238805715e-07,0.0,33.08832983925303,35.09617884754773,10.04115065656567,2.0460791761431785,2.0608155817104254,5.301322909090908,-3.2326395289299044e-05,-0.00012948256756756645,True,845.0,-5.436047188935403e-05,-0.0007304884047538328,0.9516095336705361
Batch 3,B3_010,10,4.8C(80%)-4.8C-newstructure,1078.0,1077,0.88064086,1.0636628,1077.0,,,1.0,0.8279323672878285,False,0,99,1.0,2.0,3.5,4.8,80.0,4.8,-0.008335183582489893,-0.019093025885229542,0.00622761904322948,-4.411355924026577,1.06437858989899,1.0644875,0.0006076820119536643,-1.1995238095238505e-05,-1.0829767478889913e-05,0.01537307471717172,4.737058823529613e-07,0.0,32.5348014795901,34.79216549532189,11.039443922558931,2.0576758890676206,1.8519586624302415,4.36443159090909,-4.1255555555555184e-05,-0.00011231791044776055,True,875.0,-5.6085648827877224e-05,-0.0006864665733599152,0.9751275729822145
Batch 3,B3_011,11,5.6C(19%)-4.6C-newstructure,817.0,816,0.88113368,1.0695097,816.0,,,1.0,0.8238669364102075,False,0,99,1.0,2.0,3.5,5.6,19.0,4.6,-0.015620691175653463,-0.034087374997818,0.011416669207575862,-3.884921164468091,1.0698276717171717,1.0700663,0.000735737434592881,-2.6379166666673504e-05,-2.6095773212293817e-05,0.015524714272727273,3.3510606060603915e-07,0.0,34.20373702283128,37.60932852326845,10.042466936026983,2.0681595241405004,2.0424443349617865,5.600917090909091,-5.6884090909091174e-05,-0.0002010120000000004,True,640.0,-8.51967946938164e-05,-0.0007288457916525461,0.9440505562773563
Batch 3,B3_012,12,5.6C(36%)-4.3C-newstructure,932.0,931,0.88080788,1.0758239,931.0,,,1.0,0.8187286785504578,False,0,99,1.0,2.0,3.5,5.6,36.0,4.3,-0.01531489306361951,-0.03173492178819726,0.010631756260796616,-3.9467899768101886,1.0763353797979798,1.0765018,0.0005043662948528863,-1.6079999999998115e-05,-1.403298136645261e-05,0.016047835363636364,8.095357142857329e-07,0.0,33.2205731520236,35.542101100869175,10.042442037037002,2.069442505903655,2.0567420126747558,5.600714272727273,-3.523565217391307e-05,-0.00015977804878048845,True,755.0,-6.255766627583458e-05,-0.0008128789325399849,0.9470724350774261
Batch 3,B3_013,13,5.6C(19%)-4.6C-newstructure,816.0,815,0.88024569,1.0678976,815.0,,,1.0,0.8242791162748189,False,0,99,1.0,2.0,3.5,5.6,19.0,4.6,-0.01176548019743392,-0.027646083960900736,0.008969469498406534,-4.094466485311571,1.0687136323232325,1.0689275,0.0008052083454341315,-2.5383333333329706e-05,-2.3632121356909914e-05,0.015128562717171716,-6.836000000000144e-07,0.0,34.11768528185422,37.233278981795394,10.042358249158227,2.065943292166116,2.044871742996911,5.600830454545454,-6.034831942251224e-05,-0.00020457663339383013,True,630.0,-8.657341500522246e-05,-0.0006763192763345116,0.9421582286262294
Batch 3,B3_014,14,5.6C(36%)-4.3C-newstructure,858.0,857,0.88065648,1.0753649,857.0,,,1.0,0.8189373486153397,False,0,99,1.0,2.0,3.5,5.6,36.0,4.3,-0.013203557332650976,-0.029282360362737236,0.010003826535299392,-3.999667694941731,1.077015806060606,1.0772191,0.0007718267956037002,-9.187096774192708e-06,-7.178810320113945e-06,0.015551921989898992,4.560270270269959e-07,0.0,33.11953606667905,35.48777029470216,10.041858265993287,2.0575874424010263,2.0557891551604532,5.6012344090909085,-4.281088435374149e-05,-0.0001951666666666845,True,670.0,-7.100933425342191e-05,-0.0007310617412836639,0.940575549063789
Batch 3,B3_015,15,5.9C(15%)-4.6C-newstructure,876.0,875,0.88058048,1.0701469,875.0,,,1.0,0.8228594410729967,False,0,99,1.0,2.0,3.5,5.9,15.0,4.6,-0.01334033083158007,-0.02948434500233621,0.009992123405006742,-4.000684421929468,1.070546722222222,1.0708133,0.000644199376944936,-1.969090909091011e-05,-1.980556458034287e-05,0.015306011222222221,1.1808108108109716e-07,0.0,33.51055049283859,36.80771071001127,10.04163658249164,2.071352384011024,2.046972747404871,5.901622772727272,-5.3884166666665625e-05,-0.00019997902777777696,True,670.0,-7.771172977907813e-05,-0.0006257461992354282,0.9377706884272108
Batch 3,B3_016,16,4.8C(80%)-4.8C-newstructure,1638.0,1637,0.88014877,1.0630152,1637.0,,,1.0,0.8279738332998438,False,0,99,1.0,2.0,3.5,4.8,80.0,4.8,-0.0053233023549801,-0.013451995639618852,0.004495140289726133,-4.694513499472995,1.0635088555555554,1.0636877,0.0007077409654153116,-1.9707692307686825e-05,-1.883284280936714e-05,0.015311050717171716,-4.3292682926826026e-08,0.0,34.94134876933804,37.832425406113444,11.040587407407404,2.1056391790350286,1.8643213614954803,4.363313136363636,-4.0537980769230466e-05,-7.724482758620193e-05,False,1295.0,-4.648252659136278e-05,-0.00036124452189086124,0.9839856790531744
Batch 3,B3_017,17,5.3C(54%)-4C-newstructure,1315.0,1314,0.88043362,1.0684953,1314.0,,,1.0,0.8239939099404556,False,0,99,1.0,2.0,3.5,5.3,54.0,4.0,-0.007236216829825154,-0.017882391550413823,0.006027586619356263,-4.439713079764758,1.067047807070707,1.0672884,0.0013914454244544443,-1.6177966101694393e-05,-1.4394919573166945e-06,0.015443586646464644,7.99577464788846e-08,0.0,35.07228784758459,37.40160198756502,10.042102811447801,2.207455388932985,2.082241126069323,5.301612499999999,-4.5021875000002265e-05,-9.376842105263225e-05,True,1025.0,-5.244278121048556e-05,-0.0004586485338579963,0.9853264985282646
Batch 3,B3_018,18,5.6C(19%)-4.6C-newstructure,1146.0,1145,0.88003904,1.0696205,1145.0,,,1.0,0.8227582025587579,False,0,99,1.0,2.0,3.5,5.6,19.0,4.6,-0.010342257243667845,-0.02345576998165999,0.007464040709226221,-4.254052001185467,1.0688689090909091,1.0691222,0.0009466437939751168,-3.528260869565065e-05,-3.550209428252919e-05,0.015015526535353539,4.815076923076776e-07,0.0,35.2914180269327,37.97024186611959,10.04310829966328,2.147230515473654,2.061250396565386,5.600395181818181,-5.0786046511629513e-05,-0.00011673361344537858,True,905.0,-6.124092086353002e-05,-0.0005663289386274115,0.9802940807216355
Batch 3,B3_019,19,5.6C(36%)-4.3C-newstructure,1155.0,1154,0.88007373,1.0734339,1154.0,,,1.0,0.8198676509098511,False,0,99,1.0,2.0,3.5,5.6,36.0,4.3,-0.011545479663150093,-0.025293657704202555,0.008204064434852306,-4.171941874669042,1.0727208262626262,1.072965,0.0009325075486465627,-3.592272727272825e-05,-3.5161089345438536e-05,0.01546349318181818,5.941785714285679e-07,0.0,35.09835953689969,37.876070766588285,10.043189629629584,2.1203384947543453,2.0769424327253345,5.601156409090908,-5.1426143790850346e-05,-0.00011164375000000115,True,905.0,-6.0021360034554944e-05,-0.0005603699633050202,0.9860248118360297
Batch 3,B3_020,20,5C(67%)-4C-newstructure,813.0,812,0.88059181,1.0668859,812.0,,,1.0,0.8253851794273408,False,0,99,1.0,2.0,3.5,5.0,67.0,4.0,-0.011919383387319954,-0.028071993572476917,0.00926462090615337,-4.066344693269561,1.067449897979798,1.0676023,0.0005548609507703324,-1.6677083333332954e-05,-1.5147082337950086e-05,0.015263322232323233,1.0143333333331496e-06,0.0,33.10212248197412,35.739254750947524,10.043380471380493,2.107712912205944,2.0479287272904823,5.000853090909091,-4.7069767441861064e-05,-0.00013536212121212365,True,675.0,-6.952623140457532e-05,-0.0009857705706623142,0.9575248449473268
Batch 3,B3_021,21,3.7C(31%)-5.9C-newstructure,772.0,771,0.8801983,1.068392,771.0,,,1.0,0.82385332349924,False,0,99,1.0,2.0,3.5,3.7,31.0,5.9,-0.02353870422305198,-0.04327614857800555,0.014055187938441774,-3.704326685729231,1.0619781898989897,1.0622308,0.004597956502521592,-0.00016636111111111173,-0.00016548362478102064,0.014093014131313133,1.6488214285714192e-06,0.0,34.900399416468076,37.9177756860133,10.079161515151517,2.1634362567064804,2.151566425183959,5.899354772727272,-0.0001450199999999846,-0.00022850999999998733,False,595.0,-0.00015403681907903818,-0.00046335560322786787,0.9383406771871053
Batch 3,B3_022,22,5.9C(60%)-3.1C-newstructure,1002.0,1001,0.88094068,1.0580798,1001.0,,,1.0,0.8325843476078081,False,0,99,1.0,2.0,3.5,5.9,60.0,3.1,-0.01372255051636294,-0.028409329718630083,0.009475209070470485,-4.046822397094466,1.0581549232323233,1.0583824,0.0006720843655782787,-2.4728125000001572e-05,-2.3564351011294978e-05,0.015685687353535354,2.299999999999833e-07,0.0,34.61069656408486,37.5322343873043,10.04255023569017,2.1758360000181045,2.2270778392240356,5.901298499999999,-3.9535113960113515e-05,-9.4878064618308e-05,True,850.0,-5.351025745232894e-05,-0.0007575058849693449,0.9416960204203487
Batch 3,B3_023,23,4.8C(80%)-4.8C-newstructure,,2189,0.93701142,1.0681872,2189.0,,,,0.8771977608419199,True,0,99,1.0,2.0,3.5,4.8,80.0,4.8,-0.006808658684372331,-0.01560831972082899,0.005346936456625681,-4.5437899541111975,1.0681112222222222,1.0682908,0.0005980094640496638,-9.404347826084656e-06,-1.0243317407231193e-05,0.01526148087878788,1.3678124999999541e-07,0.0,34.929390162261846,38.202055623468546,11.038375218855206,2.043020370509197,1.8495388388241922,4.364195727272727,-3.5494776119402506e-05,-4.436857142857369e-05,False,1855.0,-3.6805934584394043e-05,-0.00018101082831118072,0.9674660516763574
Batch 3,B3_024,24,5C(67%)-4C-newstructure,825.0,824,0.88021326,1.0489757,824.0,,,1.0,0.839116921392936,False,0,99,1.0,2.0,3.5,5.0,67.0,4.0,-0.010345482795288031,-0.0247723986145858,0.008363200381443375,-4.155254994876533,1.050441208080808,1.050573,0.0007341883081136376,-1.3538461538509239e-06,-2.15247650899136e-07,0.015554037858585858,6.754999999999686e-07,0.0,34.68760501613314,37.236331842653044,10.041832441077416,2.182550944861163,2.0751920310317975,5.001605681818182,-4.9085279357644326e-05,-0.00014539061583577985,True,680.0,-7.234848041818187e-05,-0.0007755768189419195,0.9322971918949681
Batch 3,B3_025,25,5.3C(54%)-4C-newstructure,989.0,988,0.88167018,1.0633529,988.0,,,1.0,0.8291416518448391,False,0,99,1.0,2.0,3.5,5.3,54.0,4.0,-0.010925821646167616,-0.026576249209760316,0.008447333251098293,-4.1465607447332715,1.0648225050505051,1.0650194,0.0007014587880273204,-5.333333333338667e-06,-2.9054260232480894e-06,0.015641851515151513,9.021071428571321e-07,0.0,35.58186389191699,38.88624032121534,10.042413013468028,2.158266174144827,2.0741869806585345,5.300527045454546,-4.5300769230768225e-05,-0.00010533749999999675,True,820.0,-5.943949889488616e-05,-0.0007616807004899021,0.9639796422663061
Batch 3,B3_026,26,5.6C(19%)-4.6C-newstructure,1028.0,1027,0.88023561,1.0741377,1027.0,,,1.0,0.8194811614935402,False,0,99,1.0,2.0,3.5,5.6,19.0,4.6,-0.010139592783464869,-0.02417913926788795,0.0077668745952744755,-4.219507413901045,1.075112296969697,1.0752844,0.0006104648834866028,-1.09600000000043e-05,-9.675868768901348e-06,0.015593572727272726,7.065340909090839e-07,0.0,35.745916536891265,39.14135891629517,10.042290858585826,2.1071689039228914,2.038980075247827,5.6007003636363635,-4.813756410256632e-05,-0.00015254674999999742,True,795.0,-6.143771063874013e-05,-0.000615236917298913,0.9715549308740308
Batch 3,B3_027,27,5.6C(36%)-4.3C-newstructure,850.0,849,0.88002509,1.0627744,849.0,,,1.0,0.8280450582927101,False,0,99,1.0,2.0,3.5,5.6,36.0,4.3,-0.01070991087322853,-0.026600290807078597,0.008608626082068025,-4.130132310934438,1.0637090626262626,1.0639206,0.0006461001112776804,-1.584142857142812e-05,-1.3569039655995085e-05,0.014919440515151516,7.78032258064501e-07,0.0,35.30844806776433,38.44588898200405,10.045002356902378,2.1407731202281464,2.074406298660458,5.600438545454544,-4.991081081081024e-05,-0.00016102941176470939,True,675.0,-7.212544437783224e-05,-0.0007434168836833623,0.9551103389844149
Batch 3,B3_028,28,3.7C(31%)-5.9C-newstructure,541.0,540,0.88010961,1.0525953,540.0,,,1.0,0.8361329468220123,False,0,99,1.0,2.0,3.5,3.7,31.0,5.9,-0.03025611921470947,-0.05783112055064066,0.01880057160122246,-3.451657893017001,1.0445220202020202,1.0448675,0.005707489343209764,-0.00020480999999999971,-0.00020474461697721804,0.01342088496969697,3.756000000000014e-06,0.0,35.69688828820833,39.55791836716047,10.088611986532047,2.1440069312532803,2.161704013489922,5.900457545454545,-0.00023271999999999922,-0.00035651129032258206,False,375.0,-0.00023497508721642772,-0.00048333438761314674,0.9550180305770668
Batch 3,B3_029,29,5.9C(15%)-4.6C-newstructure,858.0,857,0.88007307,1.0689218,857.0,,,1.0,0.8233278337105671,False,0,99,1.0,2.0,3.5,5.9,15.0,4.6,-0.011300575148553206,-0.028921475161164945,0.009294198633809009,-4.0635761002012085,1.0705002696969699,1.0707309,0.0008073721228693948,-1.0939999999992623e-05,-8.117663640705664e-06,0.014824126747474747,-7.627291666666798e-07,0.0,31.262889334066085,31.680285422399457,10.041979612794579,2.0769502367918244,2.050062516661599,5.899757045454545,-5.648657718120838e-05,-0.00018446024096385605,True,665.0,-7.972652001660064e-05,-0.0006728233131256579,0.9455457617610076
Batch 3,B3_030,30,5.3C(54%)-4C-newstructure,935.0,934,0.88024825,1.0708957,934.0,,,1.0,0.8219738392823877,False,0,99,1.0,2.0,3.5,5.3,54.0,4.0,-0.011137570899382837,-0.026737169755743473,0.008910195367561328,-4.1002255467806545,1.0717059313131312,1.0719142,0.0005663031609764621,-1.3896226415092789e-05,-1.2096585443535233e-05,0.015572678929292929,6.675476190476155e-07,0.0,32.24311941023021,33.95640656351435,10.04344259259257,2.114469577609104,2.062323317563135,5.300977909090909,-4.230000000000262e-05,-0.00014522352941176477,True,760.0,-5.9903540844477486e-05,-0.0007652307174735252,0.948630200924819
Batch 3,B3_031,31,5.9C(60%)-3.1C-newstructure,731.0,730,0.88031369,1.070212,730.0,,,1.0,0.8225601002418214,False,0,99,1.0,2.0,3.5,5.9,60.0,3.1,-0.01635054856148944,-0.035619409739265695,0.012028140357527091,-3.8396030254357147,1.0707996878787878,1.0709858,0.0006479798904464651,-2.0982089552237337e-05,-1.799799808886109e-05,0.015875272090909092,1.4033246753246588e-06,0.0,34.00003070157337,36.77304266866142,10.045700723905673,2.0980889694984777,2.1869295349323146,5.8995714999999995,-4.511728395061597e-05,-0.00018321428571428238,True,595.0,-7.562706998640805e-05,-0.0010234538372233706,0.9562887509276561
Batch 3,B3_032,32,4.8C(80%)-4.8C-newstructure,,2237,0.97388279,1.0743984,2237.0,,,,0.9064447508484749,True,0,99,1.0,2.0,3.5,4.8,80.0,4.8,-0.003256900898765374,-0.01012140041626175,0.004605996609463356,-4.67335277212347,1.074329306060606,1.0745502,0.0005744737055168395,-1.7039999999997797e-05,-1.5948668577794883e-05,0.015372072949494947,-1.0304057971014543e-06,0.0,35.436174962805026,38.1223484949636,11.039484747474773,2.0751566948084674,1.8558758439977834,4.3643067272727265,-3.7396218487394374e-05,-3.936884272996994e-05,False,1900.0,-3.58463227820969e-05,-9.666604279513525e-05,0.9254014528151813
Batch 3,B3_033,33,5C(67%)-4C-newstructure,1284.0,1283,0.88079751,1.0620158,1283.0,,,1.0,0.8293638475058469,False,0,99,1.0,2.0,3.5,5.0,67.0,4.0,-0.00784867836178756,-0.019885925647910252,0.006339439090185447,-4.395898333073689,1.062159194949495,1.0624362,0.0006018904487705112,-2.1219999999999573e-05,-1.9696050326486636e-05,0.015340797171717173,1.8731746031746857e-07,0.0,33.10710984192206,34.284327507895505,10.043259696969717,2.1940799508678217,2.07404985698044,5.001390636363636,-4.5383283433134e-05,-7.333021694214871e-05,False,1085.0,-5.273981909501465e-05,-0.000611585064007245,0.9762666575732135
Batch 3,B3_034,34,5.3C(54%)-4C-newstructure,1158.0,1157,0.88017184,1.0634748,1157.0,,,1.0,0.8276377023696283,False,0,99,1.0,2.0,3.5,5.3,54.0,4.0,-0.009552005567772987,-0.02150989276991433,0.007033479851697211,-4.305659504591576,1.063246013131313,1.0634384,0.0007925772290505659,-2.9864179104478855e-05,-2.89226739926711e-05,0.015302312080808081,6.662558139534973e-07,0.0,35.77943527518051,38.98815031750086,10.043539814814821,2.166178616230175,2.094645830685049,5.300716045454545,-5.065499999999945e-05,-9.444848484848466e-05,False,920.0,-5.8135870383722085e-05,-0.0005490024586871358,0.9883936308306417
Batch 3,B3_035,35,5.6C(19%)-4.6C-newstructure,1093.0,1092,0.88011736,1.0646554,1092.0,,,1.0,0.826668760614937,False,0,99,1.0,2.0,3.5,5.6,19.0,4.6,-0.009826425701495063,-0.02302807515263361,0.007630813777207344,-4.234858289724564,1.0644993393939395,1.0647125,0.0006889583869454528,-2.6574999999995354e-05,-2.5849850294632247e-05,0.01537437201010101,3.856999999999819e-07,0.0,35.532941501822236,38.53730929443863,10.043588619528593,2.1554685902043014,2.071600395159951,5.5999478636363635,-5.13619565217396e-05,-0.00013692534246575447,True,850.0,-6.300110219076497e-05,-0.0005408774342170846,0.9698536967884618
Batch 3,B3_036,36,5.6C(36%)-4.3C-newstructure,923.0,922,0.88060242,1.0592415,922.0,,,1.0,0.8313518871758707,False,0,99,1.0,2.0,3.5,5.6,36.0,4.3,-0.009908357469924611,-0.022981813517992444,0.007469147564161901,-4.253457920681209,1.0593632474747476,1.0595342,0.0008542720214315269,-3.2855555555568986e-05,-3.125922599139511e-05,0.0151344318989899,5.215454545454955e-07,0.0,35.87907157748097,39.38680749559564,10.043494949494974,2.175605313996533,2.1009132991437847,5.600679545454545,-5.397795238095333e-05,-0.00010990316868592773,True,780.0,-6.906194099899713e-05,-0.000761910451732519,0.9298348512875131
Batch 3,B3_037,37,4.8C(80%)-4.8C-newstructure,1390.0,1389,0.88049883,1.0484405,1389.0,,,1.0,0.8398176434428085,False,0,99,1.0,2.0,3.5,4.8,80.0,4.8,-0.001076797766325731,-0.008439822988718593,0.0028220978982253656,-5.098855849397497,1.049442304040404,1.0494395,0.0019058023829454747,-1.943333333332594e-05,-1.1054983277591191e-05,0.014715773414141417,2.5312499999997847e-07,0.0,35.01461049108638,37.82132622347397,11.038428198653161,2.129308505927308,1.8878863845548781,4.364443681818182,-4.3606666666666054e-05,-8.66575000000036e-05,False,1165.0,-5.424712140513945e-05,-0.00044336203536470995,0.937088039401984
Batch 3,B3_038,38,5C(67%)-4C-newstructure,1935.0,1934,0.88000458,1.0718224,1934.0,,,1.0,0.8210358171279122,False,0,99,1.0,2.0,3.5,5.0,67.0,4.0,-0.008693083372975452,-0.020147005721674938,0.006744868362557142,-4.342053043792284,1.0719827515151514,1.0721067,0.0004599846346953916,-1.5421311475411927e-05,-1.464993948081487e-05,0.01583589924242424,3.1355555555569796e-07,0.0,34.745836319764145,37.739090670595026,10.043707962962927,2.1432468847842645,2.061582391270193,5.000365863636363,-3.920448717948687e-05,-6.436258064516195e-05,False,1520.0,-4.2307634805741413e-05,-0.0002869023492227836,0.9729699731606362
Batch 3,B3_039,39,5.3C(54%)-4C-newstructure,1156.0,1155,0.88043225,1.0493289,1155.0,,,1.0,0.8390431732128983,False,0,99,1.0,2.0,3.5,5.3,54.0,4.0,-0.006428438589560583,-0.017457917694832736,0.005924919603900169,-4.454635076566319,1.0505830505050504,1.0508008,0.0007780722204785113,-2.153518518518457e-05,-1.8707799012583198e-05,0.015563160080808082,5.620000000001318e-07,0.0,33.887021839840784,36.074946023996944,10.043092710437712,2.220504969669953,2.1145259136605254,5.300502772727272,-4.686966752624736e-05,-8.062203192640602e-05,False,980.0,-5.4493097740873875e-05,-0.0006032798068149827,0.9500360043899698
Batch 3,B3_040,40,5.6C(19%)-4.6C-newstructure,796.0,795,0.88070726,1.0619344,795.0,,,1.0,0.8293424339582558,False,0,99,1.0,2.0,3.5,5.6,19.0,4.6,-0.009078861478925764,-0.022053794482172262,0.007119440462790883,-4.29510827493732,1.062999387878788,1.0632297,0.0008155671570181545,-2.211250000000442e-05,-2.0118948877207218e-05,0.015390749383838383,-1.7816056338028109e-06,0.0,34.05341123035083,37.527810173662246,10.043764865319858,2.0654499708647434,2.054008988496374,5.599084363636363,-5.747114474929039e-05,-0.00019278285714286072,True,620.0,-8.136871929305307e-05,-0.000710883558407279,0.949102964324275
Batch 3,B3_041,41,5.6C(36%)-4.3C-newstructure,786.0,785,0.88062328,1.0528345,785.0,,,1.0,0.8364308730384501,False,0,99,1.0,2.0,3.5,5.6,36.0,4.3,-0.009748050525024678,-0.024192993699098664,0.007766857097199375,-4.2195093707566445,1.0543741434343434,1.0545512,0.0006872741398439975,-2.389285714285031e-06,1.1853320593366783e-07,0.018306992535353537,6.348125000000138e-07,0.0,33.640262798950594,36.62919119540175,10.043162962962906,2.2077685359758368,2.0867771281360814,5.599861136363636,-4.165820895522457e-05,-0.0001961344827586215,True,605.0,-6.440581197704088e-05,-0.0007135534076208649,0.9552362045553288
Batch 3,B3_042,42,4.8C(80%)-4.8C-newstructure,1642.0,1641,0.88037544,1.0687422,1641.0,,,1.0,0.823749113677742,False,0,99,1.0,2.0,3.5,4.8,80.0,4.8,0.000784519470626144,-0.005609789046358671,0.006712783760895483,-4.346194685061839,1.0695203565656566,1.0696383,0.00047260800021764606,-7.435999999998444e-06,-5.098993470293996e-06,0.016131830323232323,-4.521333333333351e-06,0.0,33.03326599301577,35.57262282220451,11.03849814814812,2.017749029618092,1.8489434646933747,4.364259909090908,-3.79011227421999e-05,-9.365074555074565e-05,True,1295.0,-5.140618948230411e-05,-0.00035220652977748006,0.952496148499817
Batch 3,B3_043,43,5C(67%)-4C-newstructure,1046.0,1045,0.88060749,1.0720655,1045.0,,,1.0,0.8214120219333615,False,0,99,1.0,2.0,3.5,5.0,67.0,4.0,-0.0032660569334268036,-0.01297639899175873,0.006944260273379999,-4.316748020025344,1.0728844272727274,1.0730258,0.00047074603032308483,-3.86727272727392e-06,-4.090297818121304e-06,0.015828501373737373,-3.6710847457627205e-06,0.0,33.89526904792961,36.95614928561784,10.043652104377044,2.0904285593734837,2.040131458034275,5.000456045454545,-3.7240298507462275e-05,-0.00010739562841530139,True,865.0,-5.56227926522448e-05,-0.0007795029923125379,0.9673165583502918
Batch 3,B3_044,44,5.3C(54%)-4C-newstructure,940.0,939,0.88046378,1.0719105,939.0,,,1.0,0.821396730417325,False,0,99,1.0,2.0,3.5,5.3,54.0,4.0,-0.01123106109649192,-0.02598513188750473,0.00859512582612945,-4.131495522376496,1.07331738989899,1.0735258,0.000689991490703951,-8.776190476186432e-06,-6.09089345437082e-06,0.015572503777777776,4.86464285714259e-07,0.0,33.35164903826186,36.336163666791506,10.043212407407367,2.0963536408787684,2.0610316136492832,5.30087559090909,-3.7439811320755104e-05,-0.0001292084236186339,True,785.0,-5.872198501645782e-05,-0.0008665742831929606,0.9377352557585172
Batch 3,B3_045,45,4.8C(80%)-4.8C-newstructure,1801.0,1800,0.88047254,1.0709116,1800.0,,,1.0,0.822171073690863,False,0,99,1.0,2.0,3.5,4.8,80.0,4.8,-0.007131752461986142,-0.016477960740300612,0.005490028509211527,-4.5208508005857535,1.0714658575757574,1.0714893,0.0004595824842337534,-8.20714285714492e-06,-5.629530179966145e-06,0.015618692474747477,2.891428571428871e-07,0.0,32.72596355233115,34.6817726725469,11.038587558922575,2.0223077793563298,1.8567981976595185,4.3641524090909085,-3.82696280584053e-05,-7.596010432569912e-05,False,1425.0,-4.5928719677407754e-05,-0.00033491318957988206,0.9673261357057991
