batch,feature,n,spearman,pearson
Batch 1,delta_log_var,46,-0.8711607269559923,-0.8861231036774864
Batch 1,delta_mean,46,0.8281115101478308,0.8538097844630061
Batch 1,delta_min,46,0.8500061691261938,0.8816450170696557
Batch 1,delta_std,46,-0.8711607269559923,-0.8937125755883613
Batch 1,QD_mean,46,0.18502528714109573,0.1933931521446948
Batch 1,QD_median,46,0.21598618518937238,0.2026846937235131
Batch 1,QD_std,46,0.052793881930925976,-0.05847759742028818
Batch 1,QD_slope,46,0.5862217847587049,0.5098967234612573
Batch 1,IR_mean,46,0.13550018528299576,0.17663076169518202
Batch 1,IR_slope,46,-0.4029850753933065,0.09293207799879573
Batch 1,Tavg_mean,46,-0.37146910148360657,-0.48177463667634024
Batch 1,Tmax_mean,46,-0.32299247625263944,-0.4035958519448041
Batch 1,chargetime_mean,46,0.6130504513941638,0.5770368723870706
Batch 1,rate1_C,46,-0.48271400298540956,-0.5797191371008248
Batch 1,rate2_C,46,0.04741433338534666,-0.09588674869190954
Batch 1,switch_pct,46,0.18515925395200944,0.23455103060246418
Batch 1,charge_I_mean,46,-0.5040088821723447,-0.533099916810036
Batch 1,charge_I_std,46,-0.8736277307845403,-0.8962057737816495
Batch 1,charge_I_p95,46,-0.6890958444091542,-0.7257383248518242
Batch 2,delta_log_var,39,-0.7089786451951733,-0.9018830736836406
Batch 2,delta_mean,39,0.6972365659772065,0.7670852072368178
Batch 2,delta_min,39,0.6608968552940159,0.8185183255033297
Batch 2,delta_std,39,-0.7089786451951733,-0.8345463663572402
Batch 2,QD_mean,39,0.11711711771713532,-0.3325695460441214
Batch 2,QD_median,39,0.1106387291830846,-0.29510836173856436
Batch 2,QD_std,39,-0.10051624709863038,0.1729035113828741
Batch 2,QD_slope,39,-0.22046765979941285,-0.3382622141606485
Batch 2,IR_mean,39,-0.3456375572756594,-0.35236391873721185
Batch 2,IR_slope,39,0.14587050788940473,0.0316872544069979
Batch 2,Tavg_mean,39,0.16550258208082647,0.42531202704892834
Batch 2,Tmax_mean,39,-0.13594493439422012,0.01880228543889479
Batch 2,chargetime_mean,39,-0.39325842898104635,0.08706750328012966
Batch 2,rate1_C,39,0.05509278655119761,0.19074658847387702
Batch 2,rate2_C,39,-0.11884016238051073,-0.11630518850837056
Batch 2,switch_pct,39,0.28781347990487877,0.1161198784598481
Batch 2,charge_I_mean,39,0.5383135972512754,0.836164664666314
Batch 2,charge_I_std,39,-0.09383540892289059,0.017456317543029953
Batch 2,charge_I_p95,39,-0.21439417054874033,-0.07263849665727004
Batch 3,delta_log_var,44,-0.7972372984772357,-0.7018620670132865
Batch 3,delta_mean,44,0.7561491314853485,0.6391153658731697
Batch 3,delta_min,44,0.7760236822430022,0.6921158515446068
Batch 3,delta_std,44,-0.7972372984772357,-0.6726058679843077
Batch 3,QD_mean,44,0.16223835405716025,0.21780526120674
Batch 3,QD_median,44,0.15772781771499764,0.2144191966519832
Batch 3,QD_std,44,-0.2764817823484968,-0.34344504233924356
Batch 3,QD_slope,44,0.13158080235652395,0.35473731160654276
Batch 3,IR_mean,44,0.16865177291867264,0.18985136371284625
Batch 3,IR_slope,44,-0.37444499352984034,-0.3439020192872787
Batch 3,Tavg_mean,44,0.025371766924664505,-0.021766797465161823
Batch 3,Tmax_mean,44,-0.03509761091245256,-0.10649428050434644
Batch 3,chargetime_mean,44,0.19197970306329473,0.6374731672218192
Batch 3,rate1_C,44,-0.22887519748075072,-0.08289859421256333
Batch 3,rate2_C,44,0.015736317835818345,-0.042746376392716987
Batch 3,switch_pct,44,0.44332485175807257,0.5413599075607183
Batch 3,charge_I_mean,44,0.02163647901631112,-0.1959618095621997
Batch 3,charge_I_std,44,-0.34103883374569866,-0.6535620802182387
Batch 3,charge_I_p95,44,-0.6010994447235098,-0.7076912966722577
