batch,feature,n,missing,mean,std,median,q1,q3,min,max
Batch 1,IR_mean,46,0,0.016522752285024152,0.0004899539784375591,0.016589711095959594,0.016295336148989897,0.01673757358838384,0.014937809606060608,0.018004754414141413
Batch 1,IR_slope,46,0,8.728833444911408e-07,7.285502285118036e-06,1.9934333333333968e-06,1.3634562500000032e-06,2.430796896955499e-06,-4.7067152941176496e-05,3.466538461538491e-06
Batch 1,QD_mean,46,0,1.0823068907992972,0.007105870758906364,1.0823437777777778,1.0801343525252525,1.086247286868687,1.060083885858586,1.097068405050505
Batch 1,QD_median,46,0,1.0821056608695654,0.00738654599042455,1.0824653,1.078419975,1.08580425,1.0605559,1.0973341
Batch 1,QD_slope,46,0,-2.008692724931267e-05,2.8102972553383824e-05,-1.5706250000000616e-05,-2.250141700404721e-05,-5.76234821778538e-06,-0.00015732962962962857,1.1793333333335691e-05
Batch 1,QD_std,46,0,0.005950647849570707,0.02745257784000345,0.0008670478570712524,0.0007280692822343186,0.0011234305561648025,0.0005808473697885737,0.18252118160147157
Batch 1,Tavg_mean,46,0,32.616558968848985,0.9169320884118195,32.80161772250243,32.07956816725461,33.306874661126656,29.942198807956427,33.89497000372245
Batch 1,Tmax_mean,46,0,35.86825769082126,1.6159580086895866,36.15713993939394,35.02693405050505,36.87021180303031,30.662263141414144,37.990239878787875
Batch 1,charge_I_mean,46,0,1.9060238133704632,0.07471514950063275,1.907103451850737,1.8684895547602989,1.9663126526347927,1.670611058141255,2.046890156577337
Batch 1,charge_I_p95,46,0,5.687100999011858,1.1995401968689479,5.400517204545453,5.4001821136363635,6.000342352272726,3.600178227272727,7.999949045454544
Batch 1,charge_I_std,46,0,2.011584668022552,0.18661700680744123,2.048327478210443,1.914550277064714,2.1087540802312583,1.5304238604357743,2.295183087624756
Batch 1,chargetime_mean,46,0,11.281064354047727,1.4089918487733242,11.145064461279453,10.1614811405724,11.961967937710444,8.987271380471347,15.07576803030309
Batch 1,delta_log_var,46,0,-3.9234304460386986,0.3782726766786491,-3.851159678532388,-4.053411143276725,-3.668209639375097,-5.014861042960788,-3.3503380515995875
Batch 1,delta_mean,46,0,-0.01602391137625245,0.006854333397256309,-0.015739621697465463,-0.019938912275056443,-0.012049305808312458,-0.03279598300714768,-0.002873415224691916
Batch 1,delta_min,46,0,-0.03596863205773161,0.012944745622555888,-0.03635028476413227,-0.044590613853885575,-0.028560837443324022,-0.06472026276575493,-0.008459642934268818
Batch 1,delta_std,46,0,0.011829300669288105,0.004330866877891496,0.011869215711745495,0.00940366685105477,0.014651947043876453,0.003108633182730208,0.02112666637798152
Batch 1,rate1_C,46,0,5.878260869565217,1.202573729498207,6.0,5.4,6.75,3.6,8.0
Batch 1,rate2_C,46,0,3.5826086956521728,0.5839727344571595,3.6,3.0,3.6,3.0,5.4
Batch 1,switch_pct,46,0,51.52173913043478,19.461345311993647,50.0,40.0,67.5,15.0,80.0
Batch 2,IR_mean,39,0,0.013901045274799276,0.006051581321533869,0.016325805828282827,0.015144288186868686,0.016811832611111112,0.0,0.017700572575757578
Batch 2,IR_slope,39,0,2.3351537313574676e-07,2.0767423820776655e-06,3.6999999999987004e-08,-1.2739456521739103e-06,2.1574999999998874e-06,-4.239785714285676e-06,3.851939759036148e-06
Batch 2,QD_mean,39,0,1.0950984164283866,0.010591519528941858,1.0975024424242423,1.0915673350000001,1.1018661515151515,1.0671324676767675,1.1111783965656563
Batch 2,QD_median,39,0,1.0955478051282053,0.010415900905825318,1.0979879,1.09203795,1.10253245,1.0681078,1.1125798
Batch 2,QD_slope,39,0,1.167229580695028e-05,6.476335284900491e-05,2.542702702702605e-05,-2.7285714285703963e-05,5.350114795918184e-05,-0.00019055625000000131,0.00011400555555555562
Batch 2,QD_std,39,0,0.004573622296472588,0.0040315974845494705,0.0030415483252091372,0.00220035690656949,0.0035392013848001194,0.001290630019939643,0.015028060800760778
Batch 2,Tavg_mean,39,0,32.898237988504086,1.1464494578781794,33.01307013030371,32.15643150078628,33.6101496631254,29.88150861827619,35.66789148456313
Batch 2,Tmax_mean,39,0,36.16495362246404,1.8809909087525178,36.451634705216804,34.91034931999132,37.432130315370145,31.01220065415558,39.79713499833347
Batch 2,charge_I_mean,39,0,1.7468048518844752,0.22188120086439814,1.6225756898910206,1.569193314357804,1.931843343674569,1.5013254573288453,2.2019485684046405
Batch 2,charge_I_p95,39,0,5.244594036130535,0.3965142057431207,5.201025863636363,4.900888113636364,5.6006058863636365,4.649786545454544,6.001852227272726
Batch 2,charge_I_std,39,0,2.0414946879570723,0.07653181377053567,2.020577916009482,1.9847775013168714,2.076207211892795,1.9464563040236467,2.23014383321851
Batch 2,chargetime_mean,39,0,20.31192840628508,17.52831332170896,10.174858552188601,10.172990117845096,29.94667027777775,10.035777525252517,49.87950749158258
Batch 2,delta_log_var,39,0,-3.5962764733198966,0.39418931238596605,-3.4872647963011447,-3.6740940021256754,-3.3355633985415674,-4.448585173324752,-3.085881724279185
Batch 2,delta_mean,39,0,-0.02498554866329018,0.010717225969428285,-0.024683927802242576,-0.033679287366808544,-0.018365387014815597,-0.04648540460048997,-0.0074469603335690065
Batch 2,delta_min,39,0,-0.05196563868976293,0.01913958384651157,-0.054167624970645756,-0.06457103522503871,-0.04273782171481516,-0.08615002847927744,-0.01914294964399932
Batch 2,delta_std,39,0,0.01735673138604114,0.006403947740338093,0.018045445234188197,0.014563653538510878,0.02149022777274507,0.005966331959763814,0.0286456801144953
Batch 2,rate1_C,39,0,5.030769230769231,0.6141548948089672,5.2,4.8,5.6,3.6,6.0
Batch 2,rate2_C,39,0,4.567948717948719,0.670868170778807,4.5,4.25,4.8,3.0,6.0
Batch 2,switch_pct,39,0,50.1025641025641,21.75678342106914,50.0,26.0,64.5,9.0,80.0
Batch 3,IR_mean,44,0,0.015342890352846646,0.0007037820240335857,0.015373723363636365,0.01512896861111111,0.015577902378787877,0.01342088496969697,0.018306992535353537
Batch 3,IR_slope,44,0,3.0574883824560744e-07,1.2795893736056797e-06,4.788470664928118e-07,2.1932936507935462e-07,6.832585227272474e-07,-4.521333333333351e-06,3.756000000000014e-06
Batch 3,QD_mean,44,0,1.0654847673783288,0.007880628647424549,1.0675857848484847,1.062137775,1.0709662303030303,1.0445220202020202,1.077015806060606
Batch 3,QD_median,44,0,1.0656667863636367,0.007878317867076282,1.06772535,1.06238485,1.071111675,1.0448675,1.0772191
Batch 3,QD_slope,44,0,-2.9499382376014993e-05,4.5335468230026494e-05,-1.8871929824556566e-05,-2.5249166666663477e-05,-1.1736428571429953e-05,-0.00020480999999999971,-1.3538461538509239e-06
Batch 3,QD_std,44,0,0.0010348515534797527,0.0012205302274363456,0.0006881162633947252,0.0006094538139177091,0.0007957350081464572,0.0004595824842337534,0.005816926229692818
Batch 3,Tavg_mean,44,0,34.17096978531232,1.279862865382011,34.11244540473186,33.10586300193508,35.14662415940795,31.262889334066085,36.79033178065713
Batch 3,Tmax_mean,44,0,36.85405830019997,1.9742084204406243,37.23480541222422,35.528518399327425,37.97476959348025,31.680285422399457,40.5242590441136
Batch 3,charge_I_mean,44,0,2.120998679116502,0.056137638395048046,2.1248235003408267,2.0755507735966243,2.15955869478524,1.9871961083149952,2.220504969669953
Batch 3,charge_I_p95,44,0,5.329710473140495,0.47758233328842914,5.599198795454544,5.00133125,5.600852113636363,4.363313136363636,5.901622772727272
Batch 3,charge_I_std,44,0,2.0503730331839596,0.08651197145928603,2.0614163939177894,2.047079165434285,2.0822574213656226,1.8489434646933747,2.2270778392240356
Batch 3,chargetime_mean,44,0,10.181554026247317,0.34495847484256054,10.04326518518522,10.042399322390578,10.045145260942784,10.04115065656567,11.040740218855252
Batch 3,delta_log_var,44,0,-4.194216575008699,0.29232299638563036,-4.175203773909432,-4.323074275967079,-4.0656525450024725,-5.098855849397497,-3.451657893017001
Batch 3,delta_mean,44,0,-0.010950281360215761,0.005784834395783808,-0.010343870019477938,-0.011834622166641275,-0.008603608425354061,-0.03025611921470947,0.000784519470626144
Batch 3,delta_min,44,0,-0.025027589774573,0.009803686975889797,-0.024791337187911933,-0.028156327609015208,-0.020081735703233766,-0.05783112055064066,-0.005609789046358671
Batch 3,delta_std,44,0,0.00844708923861129,0.002958647547395275,0.008173370302001354,0.0068944122956742845,0.00927201533806728,0.0028220978982253656,0.01880057160122246
Batch 3,rate1_C,44,0,5.238636363636364,0.5396880705839766,5.3,5.0,5.6,3.7,5.9
Batch 3,rate2_C,44,0,4.388636363636365,0.5698697970797177,4.3,4.0,4.6,3.1,5.9
Batch 3,switch_pct,44,0,46.90909090909091,21.63096207024936,54.0,31.0,67.0,15.0,80.0
