batch,cell_id,cycle_life,observed_cycles,label_minus_record_end,QD_final,QD_at_label,first_QD_le_088,endpoint_high_capacity
Batch 1,B1_000,1190.0,1189,1.0,1.0262098,,,True
Batch 1,B1_001,1179.0,1178,1.0,1.0382246,,,True
Batch 1,B1_002,1177.0,1176,1.0,1.0432786,,,True
Batch 1,B1_003,1226.0,1225,1.0,0.97092122,,,True
Batch 1,B1_004,1227.0,1226,1.0,1.0219597,,,True
Batch 1,B1_005,1074.0,1073,1.0,0.88053626,,,False
Batch 1,B1_006,636.0,635,1.0,0.8800565,,,False
Batch 1,B1_007,870.0,869,1.0,0.88110596,,,False
Batch 1,B1_008,879.0,878,1.0,0.96902454,,,True
Batch 1,B1_009,1054.0,1053,1.0,0.8809284,,,False
Batch 1,B1_010,906.0,905,1.0,0.96101874,,,True
Batch 1,B1_011,788.0,787,1.0,0.88054359,,,False
Batch 1,B1_012,902.0,901,1.0,0.91311944,,,True
Batch 1,B1_013,897.0,896,1.0,0.92313582,,,True
Batch 1,B1_014,880.0,879,1.0,0.8800649,,,False
Batch 1,B1_015,719.0,718,1.0,0.88298881,,,False
Batch 1,B1_016,862.0,861,1.0,0.88096577,,,False
Batch 1,B1_017,857.0,856,1.0,0.8832469,,,False
Batch 1,B1_018,691.0,690,1.0,0.88114411,,,False
Batch 1,B1_019,788.0,787,1.0,0.88093972,,,False
Batch 1,B1_020,534.0,533,1.0,0.88078493,,,False
Batch 1,B1_021,559.0,558,1.0,0.88016534,,,False
Batch 1,B1_022,891.0,890,1.0,0.96327895,,,True
Batch 1,B1_023,1014.0,1013,1.0,0.88066453,,,False
Batch 1,B1_024,1017.0,1016,1.0,0.88046598,,,False
Batch 1,B1_025,854.0,853,1.0,0.88019997,,,False
Batch 1,B1_026,870.0,869,1.0,0.88105017,,,False
Batch 1,B1_027,842.0,841,1.0,0.88130057,,,False
Batch 1,B1_028,860.0,859,1.0,0.88058227,,,False
Batch 1,B1_029,917.0,916,1.0,0.88035375,,,False
Batch 1,B1_030,709.0,708,1.0,0.88054287,,,False
Batch 1,B1_031,876.0,875,1.0,0.88099223,,,False
Batch 1,B1_032,731.0,730,1.0,0.88080907,,,False
Batch 1,B1_033,757.0,756,1.0,0.88011229,,,False
Batch 1,B1_034,742.0,741,1.0,0.88205445,,,False
Batch 1,B1_035,703.0,702,1.0,0.8802399,,,False
Batch 1,B1_036,704.0,703,1.0,0.88231802,,,False
Batch 1,B1_037,648.0,647,1.0,0.88336319,,,False
Batch 1,B1_038,617.0,616,1.0,0.88110942,,,False
Batch 1,B1_039,625.0,624,1.0,0.88011074,,,False
Batch 1,B1_040,966.0,965,1.0,0.88060951,,,False
Batch 1,B1_041,1051.0,1050,1.0,0.88106161,,,False
Batch 1,B1_042,702.0,701,1.0,0.88035142,,,False
Batch 1,B1_043,651.0,650,1.0,0.88044435,,,False
Batch 1,B1_044,616.0,615,1.0,0.88048309,,,False
Batch 1,B1_045,599.0,598,1.0,0.88104212,,,False
Batch 2,B2_000,477.0,496,-19.0,0.82661337,0.8788079,477.0,False
Batch 2,B2_001,491.0,513,-22.0,0.82848173,0.87698483,491.0,False
Batch 2,B2_002,424.0,439,-15.0,0.82700932,0.87791914,424.0,False
Batch 2,B2_003,499.0,517,-18.0,0.82550967,0.8777321,499.0,False
Batch 2,B2_004,444.0,464,-20.0,0.82712674,0.8775568,444.0,False
Batch 2,B2_005,416.0,445,-29.0,0.8261537,0.87848473,416.0,False
Batch 2,B2_006,393.0,409,-16.0,0.82940364,0.87984282,393.0,False
Batch 2,B2_007,777.0,806,-29.0,0.8264814,0.87985498,777.0,False
Batch 2,B2_008,904.0,947,-43.0,0.8255862,0.87897998,904.0,False
Batch 2,B2_009,791.0,819,-28.0,0.82610458,0.87866777,791.0,False
Batch 2,B2_010,492.0,519,-27.0,0.82791102,0.8799966,492.0,False
Batch 2,B2_011,449.0,468,-19.0,0.82524824,0.87977809,449.0,False
Batch 2,B2_012,466.0,493,-27.0,0.82528538,0.87776774,466.0,False
Batch 2,B2_013,460.0,483,-23.0,0.82574999,0.8768245,460.0,False
Batch 2,B2_014,426.0,461,-35.0,0.82618046,0.8766908,426.0,False
Batch 2,B2_015,396.0,414,-18.0,0.82608759,0.8790586,396.0,False
Batch 2,B2_016,472.0,499,-27.0,0.82648873,0.87978011,472.0,False
Batch 2,B2_017,471.0,494,-23.0,0.8272146,0.87988895,471.0,False
Batch 2,B2_018,449.0,467,-18.0,0.82719898,0.87836123,449.0,False
Batch 2,B2_019,392.0,411,-19.0,0.82597393,0.87817252,392.0,False
Batch 2,B2_020,489.0,506,-17.0,0.82856864,0.87974203,489.0,False
Batch 2,B2_021,408.0,426,-18.0,0.82783753,0.87569231,408.0,False
Batch 2,B2_022,,920,,1.0556005,,,True
Batch 2,B2_023,,1152,,0.97824305,,,True
Batch 2,B2_024,514.0,536,-22.0,0.82615805,0.87924409,514.0,False
Batch 2,B2_025,493.0,511,-18.0,0.82751423,0.87891299,493.0,False
Batch 2,B2_026,450.0,476,-26.0,0.82529837,0.87967581,450.0,False
Batch 2,B2_027,474.0,493,-19.0,0.8266983,0.87959087,474.0,False
Batch 2,B2_028,437.0,456,-19.0,0.82741743,0.87717742,437.0,False
Batch 2,B2_029,452.0,470,-18.0,0.82541627,0.87586135,452.0,False
Batch 2,B2_030,412.0,429,-17.0,0.82665932,0.87975085,412.0,False
Batch 2,B2_031,425.0,446,-21.0,0.82528561,0.87928772,425.0,False
Batch 2,B2_032,809.0,834,-25.0,0.82744044,0.87594575,809.0,False
Batch 2,B2_033,1140.0,1190,-50.0,0.82506907,0.87932533,1140.0,False
Batch 2,B2_034,1186.0,1252,-66.0,0.82562441,0.87955695,1186.0,False
Batch 2,B2_035,,423,,0.88112044,,,False
Batch 2,B2_036,,280,,0.88107425,,,False
Batch 2,B2_037,,101,,2.1693008,,,True
Batch 2,B2_038,,101,,2.1653843,,,True
Batch 2,B2_039,,434,,0.88120419,,,False
Batch 2,B2_040,,459,,0.88021344,,,False
Batch 2,B2_041,442.0,463,-21.0,0.82606894,0.87561637,442.0,False
Batch 2,B2_042,474.0,497,-23.0,0.82577723,0.87909251,474.0,False
Batch 2,B2_043,1029.0,1061,-32.0,0.82532436,0.87819684,1029.0,False
Batch 2,B2_044,841.0,874,-33.0,0.82503617,0.87827092,841.0,False
Batch 2,B2_045,997.0,1027,-30.0,0.82734823,0.87894398,997.0,False
Batch 2,B2_046,503.0,523,-20.0,0.82638663,0.87838608,503.0,False
Batch 3,B3_000,1009.0,1008,1.0,0.8804329,,,False
Batch 3,B3_001,1063.0,1062,1.0,0.8802734,,,False
Batch 3,B3_002,1267.0,1266,1.0,0.88013124,,,False
Batch 3,B3_003,1115.0,1114,1.0,0.88058406,,,False
Batch 3,B3_004,1048.0,1047,1.0,0.88001466,,,False
Batch 3,B3_005,828.0,827,1.0,0.88066918,,,False
Batch 3,B3_006,667.0,666,1.0,0.88052577,,,False
Batch 3,B3_007,1836.0,1835,1.0,0.88036358,,,False
Batch 3,B3_008,828.0,827,1.0,0.88094097,,,False
Batch 3,B3_009,1039.0,1038,1.0,0.8801114,,,False
Batch 3,B3_010,1078.0,1077,1.0,0.88064086,,,False
Batch 3,B3_011,817.0,816,1.0,0.88113368,,,False
Batch 3,B3_012,932.0,931,1.0,0.88080788,,,False
Batch 3,B3_013,816.0,815,1.0,0.88024569,,,False
Batch 3,B3_014,858.0,857,1.0,0.88065648,,,False
Batch 3,B3_015,876.0,875,1.0,0.88058048,,,False
Batch 3,B3_016,1638.0,1637,1.0,0.88014877,,,False
Batch 3,B3_017,1315.0,1314,1.0,0.88043362,,,False
Batch 3,B3_018,1146.0,1145,1.0,0.88003904,,,False
Batch 3,B3_019,1155.0,1154,1.0,0.88007373,,,False
Batch 3,B3_020,813.0,812,1.0,0.88059181,,,False
Batch 3,B3_021,772.0,771,1.0,0.8801983,,,False
Batch 3,B3_022,1002.0,1001,1.0,0.88094068,,,False
Batch 3,B3_023,,2189,,0.93701142,,,True
Batch 3,B3_024,825.0,824,1.0,0.88021326,,,False
Batch 3,B3_025,989.0,988,1.0,0.88167018,,,False
Batch 3,B3_026,1028.0,1027,1.0,0.88023561,,,False
Batch 3,B3_027,850.0,849,1.0,0.88002509,,,False
Batch 3,B3_028,541.0,540,1.0,0.88010961,,,False
Batch 3,B3_029,858.0,857,1.0,0.88007307,,,False
Batch 3,B3_030,935.0,934,1.0,0.88024825,,,False
Batch 3,B3_031,731.0,730,1.0,0.88031369,,,False
Batch 3,B3_032,,2237,,0.97388279,,,True
Batch 3,B3_033,1284.0,1283,1.0,0.88079751,,,False
Batch 3,B3_034,1158.0,1157,1.0,0.88017184,,,False
Batch 3,B3_035,1093.0,1092,1.0,0.88011736,,,False
Batch 3,B3_036,923.0,922,1.0,0.88060242,,,False
Batch 3,B3_037,1390.0,1389,1.0,0.88049883,,,False
Batch 3,B3_038,1935.0,1934,1.0,0.88000458,,,False
Batch 3,B3_039,1156.0,1155,1.0,0.88043225,,,False
Batch 3,B3_040,796.0,795,1.0,0.88070726,,,False
Batch 3,B3_041,786.0,785,1.0,0.88062328,,,False
Batch 3,B3_042,1642.0,1641,1.0,0.88037544,,,False
Batch 3,B3_043,1046.0,1045,1.0,0.88060749,,,False
Batch 3,B3_044,940.0,939,1.0,0.88046378,,,False
Batch 3,B3_045,1801.0,1800,1.0,0.88047254,,,False
