batch,policy,n,mean_life,std_life,median_life
Batch 1,3.6C(80%)-3.6C,3,1182.0,7.0,1179.0
Batch 1,4.4C(80%)-4.4C,1,1074.0,,1074.0
Batch 1,4.8C(80%)-4.8C,2,753.0,165.46298679765212,753.0
Batch 1,4C(80%)-4C,2,1226.5,0.7071067811865476,1226.5
Batch 1,5.4C(40%)-3.6C,2,966.5,123.74368670764582,966.5
Batch 1,5.4C(50%)-3.6C,2,899.5,3.5355339059327378,899.5
Batch 1,5.4C(50%)-3C,2,847.0,83.43860018001261,847.0
Batch 1,5.4C(60%)-3.6C,2,859.5,3.5355339059327378,859.5
Batch 1,5.4C(60%)-3C,2,799.5,113.84419177103415,799.5
Batch 1,5.4C(70%)-3C,2,739.5,68.58935777509511,739.5
Batch 1,5.4C(80%)-5.4C,2,546.5,17.67766952966369,546.5
Batch 1,6C(30%)-3.6C,2,952.5,86.97413408594535,952.5
Batch 1,6C(40%)-3.6C,2,856.0,19.79898987322333,856.0
Batch 1,6C(40%)-3C,2,935.5,115.25840533340725,935.5
Batch 1,6C(50%)-3.6C,2,792.5,118.08683245815344,792.5
Batch 1,6C(50%)-3C,2,888.5,40.30508652763321,888.5
Batch 1,6C(60%)-3C,2,744.0,18.384776310850235,744.0
Batch 1,7C(30%)-3.6C,2,722.5,27.577164466275352,722.5
Batch 1,7C(40%)-3.6C,2,621.0,5.656854249492381,621.0
Batch 1,7C(40%)-3C,2,676.0,39.59797974644666,676.0
Batch 1,8C(15%)-3.6C,2,1008.5,60.10407640085654,1008.5
Batch 1,8C(25%)-3.6C,2,676.5,36.062445840513924,676.5
Batch 1,8C(35%)-3.6C,2,607.5,12.020815280171307,607.5
Batch 2,3.6C(30%)-6C,2,421.0,7.0710678118654755,421.0
Batch 2,3.6C(9%)-5C,2,394.5,2.1213203435596424,394.5
Batch 2,4.65C(44%)-5C,2,482.5,23.33452377915607,482.5
Batch 2,4.65C(69%)-6C,2,452.0,11.313708498984761,452.0
Batch 2,4.8C(80%)-4.8C,5,483.6,30.319960422137754,492.0
Batch 2,4.8C(80%)-4.8C-newstructure,3,871.6666666666666,137.19086461325819,809.0
Batch 2,5.2C(50%)-4.25C,5,454.0,20.916500663351883,449.0
Batch 2,5.2C(58%)-4C,4,477.75,18.46392879824515,483.0
Batch 2,5.2C(58%)-4C-newstructure,3,961.6666666666666,157.62085310431905,904.0
Batch 2,5.6C(26%)-4.5C,6,448.5,29.12559012277692,446.0
Batch 2,5.6C(26%)-4.5C-newstructure,3,991.3333333333334,197.56096105590632,997.0
Batch 2,6C(60%)-3C,2,400.0,11.313708498984761,400.0
Batch 3,3.7C(31%)-5.9C-newstructure,3,660.0,115.65898149300814,667.0
Batch 3,4.8C(80%)-4.8C-newstructure,6,1564.1666666666667,285.72183442408925,1640.0
Batch 3,5.3C(54%)-4C-newstructure,8,1074.375,129.67424846239024,1051.0
Batch 3,5.6C(19%)-4.6C-newstructure,8,1001.375,174.55571153236843,1038.0
Batch 3,5.6C(36%)-4.3C-newstructure,8,930.875,135.0242703051143,890.5
Batch 3,5.9C(15%)-4.6C-newstructure,2,867.0,12.727922061357855,867.0
Batch 3,5.9C(60%)-3.1C-newstructure,2,866.5,191.6259377015544,866.5
Batch 3,5C(67%)-4C-newstructure,7,1105.7142857142858,402.9117828531511,1009.0
