batch,cell_id,cycle_life,policy,peer_n,peer_life,Tavg,peer_Tavg,delta_log_var,peer_delta_log_var
Batch 1,B1_020,534.0,5.4C(80%)-5.4C,1,559.0,32.15292201754506,33.13697371135653,-3.367237410245857,-3.3503380515995875
Batch 1,B1_021,559.0,5.4C(80%)-5.4C,1,534.0,33.13697371135653,32.15292201754506,-3.3503380515995875,-3.367237410245857
Batch 1,B1_045,599.0,8C(35%)-3.6C,1,616.0,33.0005473910965,32.55333216968653,-3.4252922356988535,-3.42070000480644
Batch 2,B2_019,392.0,6C(60%)-3C,1,408.0,32.770067410122046,33.60118814118363,-3.291958004542694,-3.326679075199306
Batch 2,B2_006,393.0,3.6C(9%)-5C,1,396.0,33.81904518975318,32.862747677246595,-3.53003968650195,-3.516251926776714
Batch 2,B2_015,396.0,3.6C(9%)-5C,1,393.0,32.862747677246595,33.81904518975318,-3.516251926776714,-3.53003968650195
Batch 3,B3_028,541.0,3.7C(31%)-5.9C-newstructure,2,719.5,35.69688828820833,34.503802472038785,-3.451657893017001,-3.615017439337362
Batch 3,B3_006,667.0,3.7C(31%)-5.9C-newstructure,2,656.5,34.1072055276095,35.2986438523382,-3.5257081929454923,-3.577992289373116
Batch 3,B3_031,731.0,5.9C(60%)-3.1C-newstructure,1,1002.0,34.00003070157337,34.61069656408486,-3.8396030254357147,-4.046822397094466
