batch,feature,n,VIF
Batch 1,delta_log_var,46,5.778235086745853
Batch 1,QD_slope,46,1.9274748816951215
Batch 1,Tavg_mean,46,21.77966165149247
Batch 1,Tmax_mean,46,17.581128012380262
Batch 1,charge_I_p95,46,3.0219204348534787
Batch 1,rate1_C,46,10.020945125943227
Batch 1,switch_pct,46,7.4983173181335365
Batch 2,delta_log_var,39,2.352258474288306
Batch 2,QD_slope,39,1.7115444767268393
Batch 2,Tavg_mean,39,9.725049293017745
Batch 2,Tmax_mean,39,7.003407122831128
Batch 2,charge_I_p95,39,2.9286956167789655
Batch 2,rate1_C,39,2.06641724920119
Batch 2,switch_pct,39,2.456592702888437
Batch 3,delta_log_var,44,4.533614646770808
Batch 3,QD_slope,44,16.37589738181089
Batch 3,Tavg_mean,44,23.87854470044033
Batch 3,Tmax_mean,44,21.63997690684892
Batch 3,charge_I_p95,44,14.899320539705744
Batch 3,rate1_C,44,16.778225887514544
Batch 3,switch_pct,44,4.006471468357459
