variant,CV_MAPE,CV_std,Holdout_MAPE,n_holdout,n_refit,Batch2_MAPE,Batch2_MAE
A,11.938079590078132,4.0057001593587405,7.22771095505452,10,46,34.88980735707008,170.22437638524988
B,10.097617017181639,5.165921248990171,8.016312487653389,10,46,56.821188943524014,278.6346001517788
B_QD_change,10.624582234255602,4.881728936614585,7.7422672772582715,10,46,63.195660061514324,300.04313320672435
B_QD_relative,10.635862712013182,4.857743570305926,7.721399375202295,10,46,63.617188307868375,301.9803983691871
A_IR_raw,11.830079545707331,3.7464200825574356,8.371877553064126,10,46,35.6267741349126,183.07710355951215
A_IR_nonzero,12.027649198958997,3.854480594840299,8.418277692319492,10,46,35.36139386120728,172.53570161579887
A_chargetime,12.385112577288094,3.933751730813583,7.315004892244256,10,46,36.94185281113761,179.96900324449047
B_OLS,9.395263196999034,6.10306345697823,9.547636685026667,10,46,49.47424575379863,246.2142114745603
endpoint_reference,9.297538979154696,1.5842918523990153,8.290339595249938,7,46,26.0920511186382,132.25659998680715
endpoint_excluded,9.269836625899762,1.7041092693989914,8.235064267677997,7,36,26.414689329043412,133.27807327787514
