variant,fold,n_train,n_valid,MAPE,MAE,RMSE
A,1,29,7,19.265427410385534,218.74804923348742,279.3138248100843
A,2,28,8,13.232082586275585,100.6691950771565,109.73590837028395
A,3,28,8,9.120258370153293,77.83669126961416,94.53812549213188
A,4,29,7,9.240158706159761,75.02104650816989,91.3592753637592
A,5,30,6,8.83247087741648,69.81582686433852,78.58741857996405
B,1,29,7,19.908212630370453,223.73583208733757,275.3544311234211
B,2,28,8,9.811762797191824,72.20603813472295,85.24746324803944
B,3,28,8,8.07081036175771,67.40601506934348,82.80972710219478
B,4,29,7,7.911780312825627,62.8012397994766,76.72022532294925
B,5,30,6,4.785518983762588,37.25658482421968,41.83230269945189
B_QD_change,1,29,7,20.34622198022657,228.6861928467187,281.81354153418806
B_QD_change,2,28,8,8.970070575500424,66.51481298855411,78.89800528115772
B_QD_change,3,28,8,8.251303499520679,68.67369182708046,83.2525673114083
B_QD_change,4,29,7,7.595604411402493,59.532423709056715,73.84916569916149
B_QD_change,5,30,6,7.959710704627848,64.87297953343023,73.42795475983021
B_QD_relative,1,29,7,20.311999485350615,228.3034216618375,281.32233668209267
B_QD_relative,2,28,8,8.96257548143472,66.47731472773975,78.82917481628604
B_QD_relative,3,28,8,8.240747195194853,68.58896303841983,83.25440922182592
B_QD_relative,4,29,7,7.607350233761709,59.62319477856751,73.81907478167477
B_QD_relative,5,30,6,8.056641164324006,65.65369537189027,74.28618126374633
A_IR_raw,1,29,7,18.944300723497204,215.10366960433174,274.93750950952466
A_IR_raw,2,28,8,12.223286228346533,98.13430622920625,109.79468399660998
A_IR_raw,3,28,8,8.961331848153325,75.79604227408298,92.39087435292176
A_IR_raw,4,29,7,9.970724536970817,79.79687952323943,97.86002738599143
A_IR_raw,5,30,6,9.050754391568777,71.39558369585201,77.26582274522073
A_IR_nonzero,1,29,7,19.224681483706103,218.28295199919012,278.71853206756083
A_IR_nonzero,2,28,8,12.857474825962282,99.50489220777781,108.81885792166986
A_IR_nonzero,3,28,8,9.189369503802853,77.52218306568228,93.60887903240318
A_IR_nonzero,4,29,7,9.809335766926145,78.89943829872446,97.96422555006374
A_IR_nonzero,5,30,6,9.057384414397603,71.45478334781563,78.16628518685049
A_chargetime,1,29,7,19.647559001800218,223.51162310376523,287.8723072737824
A_chargetime,2,28,8,13.219670538089476,100.95735634036552,110.16161876942284
A_chargetime,3,28,8,9.139047083779296,78.02683209654212,94.57649722526322
A_chargetime,4,29,7,10.862320561420455,84.39364780689202,105.98099184192607
A_chargetime,5,30,6,9.056965701351027,71.37073813985795,79.4590635579934
B_OLS,1,29,7,21.41367265234276,241.5395289391686,302.2838605004221
B_OLS,2,28,8,6.291210929453911,51.71632246940399,63.101573246449654
B_OLS,3,28,8,7.970573487514778,66.29433591740727,81.1560536978583
B_OLS,4,29,7,6.6707997943857995,54.739658573085244,69.2130846921264
B_OLS,5,30,6,4.630059121297917,36.44320052783504,41.17450475783219
endpoint_reference,1,29,3,11.420089106759242,115.44901858090172,127.56325941088757
endpoint_reference,2,28,6,6.583641238346197,44.266081483583775,51.835565704365436
endpoint_reference,3,28,8,9.192986938936846,74.89179599078358,87.43919806674108
endpoint_reference,4,29,7,9.183766983119497,74.01787676521214,95.64903668286148
endpoint_reference,5,30,5,10.107210628611696,77.98290475315616,105.69032044990463
endpoint_excluded,1,26,3,11.908086700225569,122.16658184460448,143.51039780046725
endpoint_excluded,2,23,6,6.634663577208712,44.54682717357351,52.055886352115046
endpoint_excluded,3,21,8,9.093855219438602,75.34414617151285,92.0223990298628
endpoint_excluded,4,22,7,8.822657791561086,72.13244628761302,94.2202006882216
endpoint_excluded,5,24,5,9.889919841064843,76.51675850442243,100.148054181253
