cell_id,cycle_life,variant,prediction
B2_000,477.0,A,664.2578334694664
B2_001,491.0,A,604.521711397219
B2_002,424.0,A,655.3802174017579
B2_003,499.0,A,667.2346179667792
B2_004,444.0,A,585.1070595251525
B2_005,416.0,A,543.9036160356213
B2_006,393.0,A,678.5602613533637
B2_007,777.0,A,962.3728278856679
B2_008,904.0,A,902.3780395913205
B2_009,791.0,A,1017.961013608918
B2_010,492.0,A,652.3360869568936
B2_011,449.0,A,663.6389744748927
B2_012,466.0,A,566.5997561718972
B2_013,460.0,A,618.6527163512322
B2_014,426.0,A,552.8168073599139
B2_015,396.0,A,673.9167981382536
B2_016,472.0,A,666.7821788800577
B2_017,471.0,A,668.5988113959485
B2_018,449.0,A,741.1881513207002
B2_019,392.0,A,602.6899870930577
B2_020,489.0,A,649.2264128086429
B2_021,408.0,A,613.2022807910985
B2_024,514.0,A,717.072555488312
B2_025,493.0,A,680.0617764660387
B2_026,450.0,A,582.0689395954522
B2_027,474.0,A,663.906876159719
B2_028,437.0,A,643.466361555757
B2_029,452.0,A,671.2358741863198
B2_030,412.0,A,571.5427510021584
B2_031,425.0,A,621.0949670756595
B2_032,809.0,A,915.5252883776201
B2_033,1140.0,A,962.3528081052305
B2_034,1186.0,A,1072.1602363578925
B2_041,442.0,A,567.8419868475594
B2_042,474.0,A,662.7123576568515
B2_043,1029.0,A,981.7911238597663
B2_044,841.0,A,1028.2011323309735
B2_045,997.0,A,935.6915923637151
B2_046,503.0,A,671.4454921737146
B2_000,477.0,B,826.9872450904697
B2_001,491.0,B,731.5310765128804
B2_002,424.0,B,640.7761465555378
B2_003,499.0,B,853.6769514299898
B2_004,444.0,B,593.0028663541119
B2_005,416.0,B,490.1668279169752
B2_006,393.0,B,811.5710982623928
B2_007,777.0,B,1101.1867493629081
B2_008,904.0,B,958.011105296961
B2_009,791.0,B,1114.668634260278
B2_010,492.0,B,886.35435618519
B2_011,449.0,B,877.7144777139922
B2_012,466.0,B,718.7321957839092
B2_013,460.0,B,698.508513794313
B2_014,426.0,B,513.2870933863783
B2_015,396.0,B,727.0211962477413
B2_016,472.0,B,755.2027002482998
B2_017,471.0,B,781.395561753962
B2_018,449.0,B,850.8163813116817
B2_019,392.0,B,701.9311754522082
B2_020,489.0,B,791.6525603179829
B2_021,408.0,B,761.1477612632176
B2_024,514.0,B,848.5953316605842
B2_025,493.0,B,844.4125562747226
B2_026,450.0,B,709.740759058382
B2_027,474.0,B,835.7444074887311
B2_028,437.0,B,772.0337091120547
B2_029,452.0,B,945.146812260488
B2_030,412.0,B,593.3445112640501
B2_031,425.0,B,762.9228195364541
B2_032,809.0,B,933.2921200890391
B2_033,1140.0,B,878.0309922844417
B2_034,1186.0,B,945.9482321027385
B2_041,442.0,B,723.1807484167957
B2_042,474.0,B,896.5465038174747
B2_043,1029.0,B,1064.435871947367
B2_044,841.0,B,1129.2740408772768
B2_045,997.0,B,1036.0548130207208
B2_046,503.0,B,822.6609509810289
B2_000,477.0,B_QD_change,827.4492939980613
B2_001,491.0,B_QD_change,878.5016975665079
B2_002,424.0,B_QD_change,768.0139951374866
B2_003,499.0,B_QD_change,1052.0815707304987
B2_004,444.0,B_QD_change,685.1945455721361
B2_005,416.0,B_QD_change,600.3749251182215
B2_006,393.0,B_QD_change,1047.1226152047075
B2_007,777.0,B_QD_change,1046.424424702821
B2_008,904.0,B_QD_change,937.695860831101
B2_009,791.0,B_QD_change,1080.3806509778535
B2_010,492.0,B_QD_change,840.8041128275242
B2_011,449.0,B_QD_change,850.7486210394404
B2_012,466.0,B_QD_change,696.5306884791182
B2_013,460.0,B_QD_change,718.4321328497673
B2_014,426.0,B_QD_change,494.20214004879216
B2_015,396.0,B_QD_change,786.1464617669324
B2_016,472.0,B_QD_change,784.0962770420987
B2_017,471.0,B_QD_change,845.3265065324478
B2_018,449.0,B_QD_change,963.4114566240017
B2_019,392.0,B_QD_change,736.3582240392934
B2_020,489.0,B_QD_change,771.4543349714064
B2_021,408.0,B_QD_change,928.3872578924841
B2_024,514.0,B_QD_change,773.7972498349101
B2_025,493.0,B_QD_change,798.554831622425
B2_026,450.0,B_QD_change,691.1089740196703
B2_027,474.0,B_QD_change,861.2290088345287
B2_028,437.0,B_QD_change,745.6493530634013
B2_029,452.0,B_QD_change,947.731715127579
B2_030,412.0,B_QD_change,553.1357548938286
B2_031,425.0,B_QD_change,823.091629986758
B2_032,809.0,B_QD_change,904.0707335870525
B2_033,1140.0,B_QD_change,989.2083237576967
B2_034,1186.0,B_QD_change,1060.8213913665718
B2_041,442.0,B_QD_change,703.2702016933272
B2_042,474.0,B_QD_change,897.6830638413785
B2_043,1029.0,B_QD_change,1011.4789462544271
B2_044,841.0,B_QD_change,1113.2152842271778
B2_045,997.0,B_QD_change,993.4090479972183
B2_046,503.0,B_QD_change,964.9243097534224
B2_000,477.0,B_QD_relative,829.7269787017425
B2_001,491.0,B_QD_relative,876.3406654687628
B2_002,424.0,B_QD_relative,770.594342908963
B2_003,499.0,B_QD_relative,1058.7903589665082
B2_004,444.0,B_QD_relative,684.53434685937
B2_005,416.0,B_QD_relative,593.0450861490078
B2_006,393.0,B_QD_relative,1052.9913280227147
B2_007,777.0,B_QD_relative,1049.2345271181414
B2_008,904.0,B_QD_relative,937.4854104182908
B2_009,791.0,B_QD_relative,1079.7075664737868
B2_010,492.0,B_QD_relative,847.3685074478549
B2_011,449.0,B_QD_relative,857.7172184532951
B2_012,466.0,B_QD_relative,699.4619444546638
B2_013,460.0,B_QD_relative,718.6903098757385
B2_014,426.0,B_QD_relative,493.1306458087592
B2_015,396.0,B_QD_relative,786.3057552860754
B2_016,472.0,B_QD_relative,784.123436872206
B2_017,471.0,B_QD_relative,848.0924790642472
B2_018,449.0,B_QD_relative,966.1573769462659
B2_019,392.0,B_QD_relative,737.9610509383565
B2_020,489.0,B_QD_relative,774.291771507013
B2_021,408.0,B_QD_relative,931.0854733004098
B2_024,514.0,B_QD_relative,776.2540599473508
B2_025,493.0,B_QD_relative,802.1736650744384
B2_026,450.0,B_QD_relative,691.752674322699
B2_027,474.0,B_QD_relative,866.4988096072966
B2_028,437.0,B_QD_relative,748.3615344906104
B2_029,452.0,B_QD_relative,958.7449106676346
B2_030,412.0,B_QD_relative,550.5569920830419
B2_031,425.0,B_QD_relative,826.4236869187802
B2_032,809.0,B_QD_relative,902.3707912640158
B2_033,1140.0,B_QD_relative,991.8758905393219
B2_034,1186.0,B_QD_relative,1064.053939028787
B2_041,442.0,B_QD_relative,706.0638361387956
B2_042,474.0,B_QD_relative,906.2141606617407
B2_043,1029.0,B_QD_relative,1008.9299097394091
B2_044,841.0,B_QD_relative,1112.8677047866447
B2_045,997.0,B_QD_relative,990.453422708778
B2_046,503.0,B_QD_relative,967.4292914093753
B2_000,477.0,A_IR_raw,680.7207912821276
B2_001,491.0,A_IR_raw,623.841668828496
B2_002,424.0,A_IR_raw,656.2019240728084
B2_003,499.0,A_IR_raw,658.2375260616977
B2_004,444.0,A_IR_raw,582.3808302533981
B2_005,416.0,A_IR_raw,529.1370182803977
B2_006,393.0,A_IR_raw,671.4617750227208
B2_007,777.0,A_IR_raw,917.0269211153318
B2_008,904.0,A_IR_raw,900.008021649715
B2_009,791.0,A_IR_raw,985.141379528774
B2_010,492.0,A_IR_raw,663.7039392802318
B2_011,449.0,A_IR_raw,677.971818763799
B2_012,466.0,A_IR_raw,569.2907328916552
B2_013,460.0,A_IR_raw,613.3805115496233
B2_014,426.0,A_IR_raw,551.7134741664108
B2_015,396.0,A_IR_raw,671.6932134442533
B2_016,472.0,A_IR_raw,686.1088299443741
B2_017,471.0,A_IR_raw,680.5987163356918
B2_018,449.0,A_IR_raw,744.658274359441
B2_019,392.0,A_IR_raw,608.2520488799943
B2_020,489.0,A_IR_raw,652.7271832464601
B2_021,408.0,A_IR_raw,626.7561104969943
B2_024,514.0,A_IR_raw,718.2014627776288
B2_025,493.0,A_IR_raw,685.70202235323
B2_026,450.0,A_IR_raw,603.3453741426238
B2_027,474.0,A_IR_raw,684.9835969793638
B2_028,437.0,A_IR_raw,641.2173972834972
B2_029,452.0,A_IR_raw,676.7663456524507
B2_030,412.0,A_IR_raw,579.7556646222772
B2_031,425.0,A_IR_raw,620.0462100903184
B2_032,809.0,A_IR_raw,873.4146548655084
B2_033,1140.0,A_IR_raw,921.9361432253999
B2_034,1186.0,A_IR_raw,1024.691601409929
B2_041,442.0,A_IR_raw,366.7105203863453
B2_042,474.0,A_IR_raw,427.14640437201547
B2_043,1029.0,A_IR_raw,629.684808721198
B2_044,841.0,A_IR_raw,659.0673876821442
B2_045,997.0,A_IR_raw,600.4814858660903
B2_046,503.0,A_IR_raw,432.70400443776856
B2_000,477.0,A_IR_nonzero,676.7203051524294
B2_001,491.0,A_IR_nonzero,619.3286457990371
B2_002,424.0,A_IR_nonzero,655.8663396368443
B2_003,499.0,A_IR_nonzero,660.1208569059406
B2_004,444.0,A_IR_nonzero,583.0458625749253
B2_005,416.0,A_IR_nonzero,532.6352634513581
B2_006,393.0,A_IR_nonzero,672.8798657485809
B2_007,777.0,A_IR_nonzero,926.1606928533705
B2_008,904.0,A_IR_nonzero,899.6189316418203
B2_009,791.0,A_IR_nonzero,991.2687759223998
B2_010,492.0,A_IR_nonzero,660.9295163099188
B2_011,449.0,A_IR_nonzero,674.4725675554243
B2_012,466.0,A_IR_nonzero,568.7541021673824
B2_013,460.0,A_IR_nonzero,614.5436597600061
B2_014,426.0,A_IR_nonzero,552.0835758683373
B2_015,396.0,A_IR_nonzero,672.0068667778378
B2_016,472.0,A_IR_nonzero,681.4279237858088
B2_017,471.0,A_IR_nonzero,677.6311958983449
B2_018,449.0,A_IR_nonzero,743.4588530043777
B2_019,392.0,A_IR_nonzero,606.9611172977881
B2_020,489.0,A_IR_nonzero,651.7897564960545
B2_021,408.0,A_IR_nonzero,623.5756916233635
B2_024,514.0,A_IR_nonzero,717.6167578484482
B2_025,493.0,A_IR_nonzero,684.1821670352606
B2_026,450.0,A_IR_nonzero,598.4260536946759
B2_027,474.0,A_IR_nonzero,679.8981654252602
B2_028,437.0,A_IR_nonzero,641.6213933954576
B2_029,452.0,A_IR_nonzero,675.2971751579965
B2_030,412.0,A_IR_nonzero,577.9269283370593
B2_031,425.0,A_IR_nonzero,620.2341033274624
B2_032,809.0,A_IR_nonzero,881.9870523996224
B2_033,1140.0,A_IR_nonzero,929.9704709080695
B2_034,1186.0,A_IR_nonzero,1033.9029705503162
B2_041,442.0,A_IR_nonzero,571.551020696999
B2_042,474.0,A_IR_nonzero,665.7816114315616
B2_043,1029.0,A_IR_nonzero,981.6073478774588
B2_044,841.0,A_IR_nonzero,1027.4280163793615
B2_045,997.0,A_IR_nonzero,936.0669689816542
B2_046,503.0,A_IR_nonzero,674.4471732567785
B2_000,477.0,A_chargetime,664.207436707534
B2_001,491.0,A_chargetime,604.9979460775331
B2_002,424.0,A_chargetime,655.4091608364414
B2_003,499.0,A_chargetime,667.1579871582486
B2_004,444.0,A_chargetime,585.7687836520485
B2_005,416.0,A_chargetime,544.8321558599401
B2_006,393.0,A_chargetime,678.3905063530734
B2_007,777.0,A_chargetime,958.9720425129562
B2_008,904.0,A_chargetime,899.6987225653348
B2_009,791.0,A_chargetime,1013.8765464639017
B2_010,492.0,A_chargetime,652.3848795955158
B2_011,449.0,A_chargetime,663.5947328440071
B2_012,466.0,A_chargetime,567.3415491838396
B2_013,460.0,A_chargetime,619.0329345533828
B2_014,426.0,A_chargetime,594.0120951053574
B2_015,396.0,A_chargetime,673.7809216032728
B2_016,472.0,A_chargetime,666.707688100665
B2_017,471.0,A_chargetime,668.5196905161782
B2_018,449.0,A_chargetime,740.4278954238158
B2_019,392.0,A_chargetime,603.1542279889368
B2_020,489.0,A_chargetime,696.526164390373
B2_021,408.0,A_chargetime,613.5834962277416
B2_024,514.0,A_chargetime,716.5376328499588
B2_025,493.0,A_chargetime,679.8709030981543
B2_026,450.0,A_chargetime,625.0995171431005
B2_027,474.0,A_chargetime,663.8611868013061
B2_028,437.0,A_chargetime,690.4146706147595
B2_029,452.0,A_chargetime,671.1237708323446
B2_030,412.0,A_chargetime,613.9012665386002
B2_031,425.0,A_chargetime,621.4338263650947
B2_032,809.0,A_chargetime,979.0864912786495
B2_033,1140.0,A_chargetime,958.9586996825817
B2_034,1186.0,A_chargetime,1145.0365438523768
B2_041,442.0,A_chargetime,609.9502444153146
B2_042,474.0,A_chargetime,662.6776634869834
B2_043,1029.0,A_chargetime,978.1536464044148
B2_044,841.0,A_chargetime,1098.4572526091572
B2_045,997.0,A_chargetime,932.6201409459566
B2_046,503.0,A_chargetime,720.1656127976062
B2_000,477.0,B_OLS,788.3706695873749
B2_001,491.0,B_OLS,714.496639307901
B2_002,424.0,B_OLS,629.1522487678855
B2_003,499.0,B_OLS,771.2779486259072
B2_004,444.0,B_OLS,599.7463123320276
B2_005,416.0,B_OLS,551.2836936635645
B2_006,393.0,B_OLS,737.3023986889904
B2_007,777.0,B_OLS,1048.6984293475625
B2_008,904.0,B_OLS,964.0418873751424
B2_009,791.0,B_OLS,1141.6182205196283
B2_010,492.0,B_OLS,817.6010190277839
B2_011,449.0,B_OLS,778.3267850046603
B2_012,466.0,B_OLS,666.4662573579049
B2_013,460.0,B_OLS,679.3019220017611
B2_014,426.0,B_OLS,530.2825127629072
B2_015,396.0,B_OLS,657.1963116304981
B2_016,472.0,B_OLS,742.5436037436933
B2_017,471.0,B_OLS,730.7154755064236
B2_018,449.0,B_OLS,756.5070037672639
B2_019,392.0,B_OLS,662.3508677730026
B2_020,489.0,B_OLS,742.3345449720813
B2_021,408.0,B_OLS,712.9991111687053
B2_024,514.0,B_OLS,798.9483775451557
B2_025,493.0,B_OLS,789.7672908725226
B2_026,450.0,B_OLS,683.2054775179336
B2_027,474.0,B_OLS,753.0412985337896
B2_028,437.0,B_OLS,711.765770856317
B2_029,452.0,B_OLS,830.7312063411509
B2_030,412.0,B_OLS,610.7578231912333
B2_031,425.0,B_OLS,707.5312030793806
B2_032,809.0,B_OLS,972.0130169405902
B2_033,1140.0,B_OLS,894.094183362338
B2_034,1186.0,B_OLS,969.5001049370513
B2_041,442.0,B_OLS,675.050126797259
B2_042,474.0,B_OLS,799.9869223828092
B2_043,1029.0,B_OLS,1111.043084900905
B2_044,841.0,B_OLS,1153.431463666792
B2_045,997.0,B_OLS,1078.4122412148038
B2_046,503.0,B_OLS,779.6493690339291
B2_000,477.0,endpoint_reference,619.8362870139488
B2_001,491.0,endpoint_reference,525.1201078691412
B2_002,424.0,endpoint_reference,642.0158201670397
B2_003,499.0,endpoint_reference,612.3755966866988
B2_004,444.0,endpoint_reference,493.18265530393427
B2_005,416.0,endpoint_reference,388.7937269667497
B2_006,393.0,endpoint_reference,670.0148800398621
B2_007,777.0,endpoint_reference,1021.8658007310613
B2_008,904.0,endpoint_reference,932.4576412126335
B2_009,791.0,endpoint_reference,1052.73588974302
B2_010,492.0,endpoint_reference,612.9822718542105
B2_011,449.0,endpoint_reference,621.3494279448906
B2_012,466.0,endpoint_reference,443.7902506866782
B2_013,460.0,endpoint_reference,536.5898269041346
B2_014,426.0,endpoint_reference,403.26290860743825
B2_015,396.0,endpoint_reference,659.422459323456
B2_016,472.0,endpoint_reference,636.8686355849505
B2_017,471.0,endpoint_reference,643.5145585683694
B2_018,449.0,endpoint_reference,779.9474620600365
B2_019,392.0,endpoint_reference,528.7801123368262
B2_020,489.0,endpoint_reference,571.234650209559
B2_021,408.0,endpoint_reference,538.2580409676125
B2_024,514.0,endpoint_reference,712.9758217750625
B2_025,493.0,endpoint_reference,663.6524499406138
B2_026,450.0,endpoint_reference,471.39610878201427
B2_027,474.0,endpoint_reference,625.1596586474302
B2_028,437.0,endpoint_reference,606.6792877431877
B2_029,452.0,endpoint_reference,642.8281877228442
B2_030,412.0,endpoint_reference,455.99393992602756
B2_031,425.0,endpoint_reference,540.1894328341245
B2_032,809.0,endpoint_reference,937.7873436949666
B2_033,1140.0,endpoint_reference,986.514814619142
B2_034,1186.0,endpoint_reference,1062.4333635511775
B2_041,442.0,endpoint_reference,420.4586961870676
B2_042,474.0,endpoint_reference,628.2023591619893
B2_043,1029.0,endpoint_reference,1062.084475264399
B2_044,841.0,endpoint_reference,1044.1145228121352
B2_045,997.0,endpoint_reference,948.9792557337207
B2_046,503.0,endpoint_reference,640.6247030112717
B2_000,477.0,endpoint_excluded,624.5420407380049
B2_001,491.0,endpoint_excluded,533.3406738057753
B2_002,424.0,endpoint_excluded,645.7977953871929
B2_003,499.0,endpoint_excluded,617.3839318524385
B2_004,444.0,endpoint_excluded,502.416152316207
B2_005,416.0,endpoint_excluded,400.62619779028404
B2_006,393.0,endpoint_excluded,672.5804825252927
B2_007,777.0,endpoint_excluded,1005.1789448718379
B2_008,904.0,endpoint_excluded,921.2761341435032
B2_009,791.0,endpoint_excluded,1034.0647017200843
B2_010,492.0,endpoint_excluded,617.9661581280944
B2_011,449.0,endpoint_excluded,625.9933069178469
B2_012,466.0,endpoint_excluded,454.3978402311146
B2_013,460.0,endpoint_excluded,544.4242780831242
B2_014,426.0,endpoint_excluded,414.80661204156803
B2_015,396.0,endpoint_excluded,662.4546815170315
B2_016,472.0,endpoint_excluded,640.8681810660702
B2_017,471.0,endpoint_excluded,647.2328247610412
B2_018,449.0,endpoint_excluded,777.2378826699053
B2_019,392.0,endpoint_excluded,536.8787206014753
B2_020,489.0,endpoint_excluded,577.8347221494532
B2_021,408.0,endpoint_excluded,546.0353795253056
B2_024,514.0,endpoint_excluded,713.5713311877231
B2_025,493.0,endpoint_excluded,666.4992622746097
B2_026,450.0,endpoint_excluded,481.26564764024755
B2_027,474.0,endpoint_excluded,629.6469798147408
B2_028,437.0,endpoint_excluded,611.9158269039946
B2_029,452.0,endpoint_excluded,646.5756504273617
B2_030,412.0,endpoint_excluded,466.2848807884752
B2_031,425.0,endpoint_excluded,547.9003489788095
B2_032,809.0,endpoint_excluded,926.2881519827356
B2_033,1140.0,endpoint_excluded,972.0486835073051
B2_034,1186.0,endpoint_excluded,1043.1303638653292
B2_041,442.0,endpoint_excluded,431.6275096833937
B2_042,474.0,endpoint_excluded,632.5638905996306
B2_043,1029.0,endpoint_excluded,1042.8042755963536
B2_044,841.0,endpoint_excluded,1026.0016658247132
B2_045,997.0,endpoint_excluded,936.808508210777
B2_046,503.0,endpoint_excluded,644.4656683678232
