bundle,model,log_target,CV_MAPE,CV_std,fold_MAPE,n_features,parameters,eligible,reference,improvement_pp,improved_folds,selection_reason,selected
A,Median,False,21.032766890900888,8.477578188325973,"[np.float64(26.692145793696287), np.float64(34.020349109640634), np.float64(12.261655126228469), np.float64(20.15330228951063), np.float64(12.036382135428418)]",1,{},True,,,0,기본 또는 대표 피처 교체 후보,False
A,Median,True,21.032613023457408,8.477278329192085,"[np.float64(26.692145793696287), np.float64(34.019452835221855), np.float64(12.261973985638935), np.float64(20.15330228951062), np.float64(12.036190213219351)]",1,{},True,,,0,기본 또는 대표 피처 교체 후보,False
A,Linear,False,10.076303473765577,1.8690803545967225,"[np.float64(12.255404500011561), np.float64(12.456637411428964), np.float64(8.286325042378067), np.float64(8.774847035640535), np.float64(8.608303379368765)]",1,{},True,,,0,기본 또는 대표 피처 교체 후보,False
A,Linear,True,11.944954175921456,4.05252545511142,"[np.float64(19.394099679284434), np.float64(13.16542314077071), np.float64(9.131232002718237), np.float64(9.207703917004837), np.float64(8.826312139829067)]",1,{},True,,,0,기본 또는 대표 피처 교체 후보,False
A,Ridge,False,10.084023083025789,1.8679628727329571,"[np.float64(12.181135743667424), np.float64(12.534486399037153), np.float64(8.272684891883774), np.float64(8.814214522596894), np.float64(8.617593857943708)]",1,{'regressor__model__alpha': 0.1},True,,,0,기본 또는 대표 피처 교체 후보,False
A,Ridge,True,11.652514468599787,3.4300587344863085,"[np.float64(10.63326772707358), np.float64(18.14917230938256), np.float64(8.472830509431791), np.float64(11.693382486871322), np.float64(9.313919310239687)]",1,{'regressor__model__alpha': 10.0},True,,,0,기본 또는 대표 피처 교체 후보,False
A,ElasticNet,False,10.076743047378702,1.8689292176483983,"[np.float64(12.250972852710206), np.float64(12.46113597466048), np.float64(8.285542349786432), np.float64(8.777189399780372), np.float64(8.608874659956017)]",1,"{'regressor__model__alpha': 0.001, 'regressor__model__l1_ratio': 0.8}",True,,,0,기본 또는 대표 피처 교체 후보,False
A,ElasticNet,True,11.824766237088104,4.137992968749478,"[np.float64(9.51554915896877), np.float64(19.764296794512124), np.float64(8.480908183975291), np.float64(11.995116495336902), np.float64(9.367960552647435)]",1,"{'regressor__model__alpha': 0.1, 'regressor__model__l1_ratio': 0.2}",True,,,0,기본 또는 대표 피처 교체 후보,False
A,RandomForest,False,11.491017755268674,1.842819845319583,"[np.float64(11.453080950725443), np.float64(14.717800697430828), np.float64(9.197478761573091), np.float64(11.716137918662591), np.float64(10.370590447951413)]",1,"{'regressor__model__max_depth': 2, 'regressor__model__min_samples_leaf': 5}",True,,,0,기본 또는 대표 피처 교체 후보,False
A,RandomForest,True,11.447448629977117,1.8974113221488393,"[np.float64(11.945576553264106), np.float64(14.48481037939028), np.float64(8.814823833565457), np.float64(11.767007434078005), np.float64(10.22502494958774)]",1,"{'regressor__model__max_depth': 2, 'regressor__model__min_samples_leaf': 5}",True,,,0,기본 또는 대표 피처 교체 후보,False
A,GradientBoosting,False,9.066498145379715,1.8961464562338415,"[np.float64(6.590494783289451), np.float64(10.746215201075604), np.float64(7.335512673055625), np.float64(11.520712224949984), np.float64(9.139555844527901)]",1,"{'regressor__model__max_depth': 1, 'regressor__model__n_estimators': 60}",True,,,0,기본 또는 대표 피처 교체 후보,False
A,GradientBoosting,True,9.085853773232655,1.9689713817794825,"[np.float64(6.523325010763867), np.float64(10.118363687391485), np.float64(7.4202252580399195), np.float64(12.074937988360643), np.float64(9.292416921607362)]",1,"{'regressor__model__max_depth': 1, 'regressor__model__n_estimators': 60}",True,,,0,기본 또는 대표 피처 교체 후보,False
B,Linear,False,9.882794063534366,4.206891752913715,"[np.float64(14.76330066630172), np.float64(14.886198395182182), np.float64(8.222283316833611), np.float64(7.009407386082661), np.float64(4.532780553271647)]",3,{},False,A,0.1935094102312142,3,개선 크기·일관성 또는 부모 후보 채택 기준 미충족,False
B,Linear,True,10.13473008701441,5.256139865674831,"[np.float64(20.131144350269246), np.float64(9.826452700298685), np.float64(8.075518164082379), np.float64(7.864789648008692), np.float64(4.775745572413043)]",3,{},False,A,1.810224088907048,4,개선 크기·일관성 또는 부모 후보 채택 기준 미충족,False
B,Ridge,False,9.285493488881432,2.570565780105478,"[np.float64(6.863544009250602), np.float64(13.284064321308783), np.float64(8.7661596337732), np.float64(11.032371447907598), np.float64(6.481328032166972)]",3,{'regressor__model__alpha': 10.0},False,A,0.7985295941443595,2,개선 크기·일관성 또는 부모 후보 채택 기준 미충족,False
B,Ridge,True,8.871384174840845,1.6654352645436534,"[np.float64(8.676843304724878), np.float64(10.254801663936753), np.float64(8.200746244030404), np.float64(10.99266837841839), np.float64(6.231861283093795)]",3,{'regressor__model__alpha': 10.0},True,A,2.781130293758944,5,평균·전 폴드 개선 기준 충족,False
B,ElasticNet,False,9.429554806295432,3.183881179004778,"[np.float64(11.985031363418416), np.float64(14.076176393158802), np.float64(8.113458319540253), np.float64(7.811191001109484), np.float64(5.161916954250204)]",3,"{'regressor__model__alpha': 0.1, 'regressor__model__l1_ratio': 0.2}",False,A,0.6471882410832697,4,개선 크기·일관성 또는 부모 후보 채택 기준 미충족,False
B,ElasticNet,True,9.60115472224493,4.639980624738968,"[np.float64(18.547982671820925), np.float64(8.25341326431978), np.float64(7.879765399518779), np.float64(8.32785715589226), np.float64(4.9967551196728985)]",3,"{'regressor__model__alpha': 0.01, 'regressor__model__l1_ratio': 0.2}",False,A,2.2236115148431757,4,개선 크기·일관성 또는 부모 후보 채택 기준 미충족,False
B,RandomForest,False,11.855159379257662,2.183668638317547,"[np.float64(11.469650947458723), np.float64(15.706516441597602), np.float64(9.313520259762688), np.float64(12.38639862591443), np.float64(10.399710621554865)]",3,"{'regressor__model__max_depth': 4, 'regressor__model__min_samples_leaf': 5}",False,A,-0.3641416239889882,0,개선 크기·일관성 또는 부모 후보 채택 기준 미충족,False
B,RandomForest,True,11.667839681225097,2.124908310216233,"[np.float64(12.030297907569782), np.float64(15.143690803440318), np.float64(8.84358501577005), np.float64(12.128462012584365), np.float64(10.193162666760967)]",3,"{'regressor__model__max_depth': 4, 'regressor__model__min_samples_leaf': 5}",False,A,-0.2203910512479787,1,개선 크기·일관성 또는 부모 후보 채택 기준 미충족,False
B,GradientBoosting,False,7.859282739612285,1.7136337880671155,"[np.float64(5.964238843133897), np.float64(11.089000877256328), np.float64(7.267941160438085), np.float64(7.356321714573975), np.float64(7.618911102659136)]",3,"{'regressor__model__max_depth': 1, 'regressor__model__n_estimators': 60}",False,A,1.2072154057674287,4,개선 크기·일관성 또는 부모 후보 채택 기준 미충족,False
B,GradientBoosting,True,7.671075328316519,1.62490048514914,"[np.float64(6.637639560748762), np.float64(10.893534737067723), np.float64(7.192045483077333), np.float64(6.646130169485051), np.float64(6.986026691203727)]",3,"{'regressor__model__max_depth': 1, 'regressor__model__n_estimators': 60}",False,A,1.414778444916136,3,개선 크기·일관성 또는 부모 후보 채택 기준 미충족,False
C,Linear,False,10.617461458933892,1.3415471847088332,"[np.float64(11.77519489426595), np.float64(12.610891003308422), np.float64(9.480821041840267), np.float64(9.183858663743969), np.float64(10.036541691510854)]",2,{},False,A,-0.5411579851683136,1,개선 크기·일관성 또는 부모 후보 채택 기준 미충족,False
C,Linear,True,12.433110192308687,3.3658467787629185,"[np.float64(18.69458831082087), np.float64(13.130526216162158), np.float64(9.738022833267063), np.float64(10.848292413683229), np.float64(9.754121187610115)]",2,{},False,A,-0.4881560163872301,2,개선 크기·일관성 또는 부모 후보 채택 기준 미충족,False
C,Ridge,False,10.617874974635779,1.3564188779693505,"[np.float64(11.70214899927303), np.float64(12.688222144785433), np.float64(9.47982268728758), np.float64(9.157409578623588), np.float64(10.061771463209263)]",2,{'regressor__model__alpha': 0.1},False,A,-0.5338518916099882,1,개선 크기·일관성 또는 부모 후보 채택 기준 미충족,False
C,Ridge,True,11.94845419973352,2.981394635840737,"[np.float64(11.296109985731027), np.float64(17.760221714976026), np.float64(9.316568224410712), np.float64(10.439401013949094), np.float64(10.929970059600741)]",2,{'regressor__model__alpha': 10.0},False,A,-0.2959397311337323,2,개선 크기·일관성 또는 부모 후보 채택 기준 미충족,False
C,ElasticNet,False,10.614431710955422,1.4478000432330953,"[np.float64(11.350560360012086), np.float64(13.046443442521644), np.float64(9.469687303369193), np.float64(9.025432682977522), np.float64(10.180034765896663)]",2,"{'regressor__model__alpha': 0.1, 'regressor__model__l1_ratio': 0.8}",False,A,-0.53768866357672,1,개선 크기·일관성 또는 부모 후보 채택 기준 미충족,False
C,ElasticNet,True,11.870905481075125,4.104524809248131,"[np.float64(9.515549158968755), np.float64(19.764296794512124), np.float64(8.629693202906836), np.float64(11.995116495336902), np.float64(9.449871753651012)]",2,"{'regressor__model__alpha': 0.1, 'regressor__model__l1_ratio': 0.2}",False,A,-0.04613924398702096,1,개선 크기·일관성 또는 부모 후보 채택 기준 미충족,False
C,RandomForest,False,11.171290339554002,2.053068503940278,"[np.float64(11.393666102756576), np.float64(14.960671716239274), np.float64(8.94453235051911), np.float64(10.518610577034167), np.float64(10.038970951220877)]",2,"{'regressor__model__max_depth': 4, 'regressor__model__min_samples_leaf': 5}",False,A,0.3197274157146726,4,개선 크기·일관성 또는 부모 후보 채택 기준 미충족,False
C,RandomForest,True,11.437364220420713,1.8054190782831205,"[np.float64(11.88504139184855), np.float64(14.66075824729688), np.float64(9.571551197072331), np.float64(11.08075233120973), np.float64(9.988717934676076)]",2,"{'regressor__model__max_depth': 4, 'regressor__model__min_samples_leaf': 5}",False,A,0.01008440955640424,3,개선 크기·일관성 또는 부모 후보 채택 기준 미충족,False
C,GradientBoosting,False,8.38269825317688,1.6133522172973946,"[np.float64(6.818476729326413), np.float64(10.849825484850758), np.float64(8.413900620328793), np.float64(6.4937144359945105), np.float64(9.337573995383924)]",2,"{'regressor__model__max_depth': 1, 'regressor__model__n_estimators': 60}",False,A,0.6837998922028333,1,개선 크기·일관성 또는 부모 후보 채택 기준 미충족,False
C,GradientBoosting,True,8.693625224631356,1.0321386288056473,"[np.float64(7.1935683545395905), np.float64(10.006414098263946), np.float64(8.254770501189164), np.float64(8.312295770038416), np.float64(9.701077399125664)]",2,"{'regressor__model__max_depth': 1, 'regressor__model__n_estimators': 60}",False,A,0.3922285486012994,2,개선 크기·일관성 또는 부모 후보 채택 기준 미충족,False
D,Linear,False,10.970985556116442,3.4658576162153194,"[np.float64(12.373179304137357), np.float64(16.166641474710843), np.float64(11.77240792084279), np.float64(8.512914328202116), np.float64(6.029784752689113)]",5,{},False,A,-0.8946820823508654,2,개선 크기·일관성 또는 부모 후보 채택 기준 미충족,False
D,Linear,True,12.501137456396197,4.265122549272493,"[np.float64(18.31721548093916), np.float64(15.960455198322649), np.float64(12.016117278723115), np.float64(9.879662280431676), np.float64(6.332237043564383)]",5,{},False,A,-0.55618328047474,2,개선 크기·일관성 또는 부모 후보 채택 기준 미충족,False
D,Ridge,False,10.973050135773997,3.4369330327311896,"[np.float64(12.291478268799596), np.float64(16.236961810373252), np.float64(11.63404633606955), np.float64(8.564982201613365), np.float64(6.1377820620142245)]",5,{'regressor__model__alpha': 0.1},False,A,-0.8890270527482069,2,개선 크기·일관성 또는 부모 후보 채택 기준 미충족,False
D,Ridge,True,12.489820800364555,3.724599184504336,"[np.float64(17.13476602267474), np.float64(16.50377707083352), np.float64(11.035560835224862), np.float64(10.230543697311445), np.float64(7.544456375778201)]",5,{'regressor__model__alpha': 1.0},False,A,-0.8373063317647658,3,개선 크기·일관성 또는 부모 후보 채택 기준 미충족,False
D,ElasticNet,False,10.971253057919233,3.4638276308043614,"[np.float64(12.368367335591762), np.float64(16.170888738545436), np.float64(11.763869660667561), np.float64(8.516077663169067), np.float64(6.03706189162234)]",5,"{'regressor__model__alpha': 0.001, 'regressor__model__l1_ratio': 0.8}",False,A,-0.8945100105405317,2,개선 크기·일관성 또는 부모 후보 채택 기준 미충족,False
D,ElasticNet,True,11.994422111020492,4.012917635716655,"[np.float64(9.515549158968755), np.float64(19.764296794512124), np.float64(9.329187553637249), np.float64(11.995116495336902), np.float64(9.367960552647435)]",5,"{'regressor__model__alpha': 0.1, 'regressor__model__l1_ratio': 0.2}",False,A,-0.16965587393238835,1,개선 크기·일관성 또는 부모 후보 채택 기준 미충족,False
D,RandomForest,False,11.553996529268641,1.9185802281048434,"[np.float64(11.474256676237557), np.float64(14.9474117587163), np.float64(9.63621302068244), np.float64(11.912216883307858), np.float64(9.799884307399052)]",5,"{'regressor__model__max_depth': 4, 'regressor__model__min_samples_leaf': 5}",False,A,-0.06297877399996814,1,개선 크기·일관성 또는 부모 후보 채택 기준 미충족,False
D,RandomForest,True,11.494058528668125,2.108010346938759,"[np.float64(11.985217441049807), np.float64(14.75491850126415), np.float64(8.790215640080975), np.float64(12.289817197712164), np.float64(9.65012386323353)]",5,"{'regressor__model__max_depth': 4, 'regressor__model__min_samples_leaf': 5}",False,A,-0.0466098986910076,2,개선 크기·일관성 또는 부모 후보 채택 기준 미충족,False
D,GradientBoosting,False,8.984276496937783,1.857831494196745,"[np.float64(7.078820001449119), np.float64(10.013411674199723), np.float64(12.133559707693957), np.float64(7.665253759742323), np.float64(8.030337341603792)]",5,"{'regressor__model__max_depth': 2, 'regressor__model__n_estimators': 60}",False,A,0.08222164844193003,3,개선 크기·일관성 또는 부모 후보 채택 기준 미충족,False
D,GradientBoosting,True,8.143258267532838,0.9853338438421334,"[np.float64(6.5168200556708165), np.float64(9.617627497284776), np.float64(8.15714344292041), np.float64(8.325504614341114), np.float64(8.099195727447071)]",5,"{'regressor__model__max_depth': 2, 'regressor__model__n_estimators': 60}",False,A,0.9425955056998181,4,개선 크기·일관성 또는 부모 후보 채택 기준 미충족,False
E,Linear,False,9.784702595626246,3.1537580414799837,"[np.float64(13.098647157953398), np.float64(11.645942487966837), np.float64(12.174980648256817), np.float64(6.692248742166671), np.float64(5.3116939417875075)]",4,{},False,A,0.29160087813933266,3,개선 크기·일관성 또는 부모 후보 채택 기준 미충족,False
E,Linear,True,11.721722953112186,4.817102378747154,"[np.float64(20.025698180227632), np.float64(11.799165267205575), np.float64(12.79988869610833), np.float64(7.752219225987527), np.float64(6.23164339603186)]",4,{},False,A,0.22323122280927218,3,개선 크기·일관성 또는 부모 후보 채택 기준 미충족,False
E,Ridge,False,9.240123536574162,2.2665845357478918,"[np.float64(12.36265143749845), np.float64(11.417406206981784), np.float64(8.559460183929938), np.float64(7.110444140535605), np.float64(6.7506557139250285)]",4,{'regressor__model__alpha': 1.0},False,A,0.8438995464516296,3,개선 크기·일관성 또는 부모 후보 채택 기준 미충족,False
E,Ridge,True,10.943219732408831,2.175867765405438,"[np.float64(13.559009747796976), np.float64(13.595743401451108), np.float64(8.775076104644686), np.float64(9.772205582988255), np.float64(9.014063825163127)]",4,{'regressor__model__alpha': 10.0},False,A,0.7092947361909576,3,개선 크기·일관성 또는 부모 후보 채택 기준 미충족,False
E,ElasticNet,False,9.249995762934265,2.0135709403326514,"[np.float64(11.67706718259589), np.float64(11.753226823899254), np.float64(7.696263937047973), np.float64(7.581722407526774), np.float64(7.541698463601428)]",4,"{'regressor__model__alpha': 0.1, 'regressor__model__l1_ratio': 0.2}",False,A,0.8267472844444379,5,개선 크기·일관성 또는 부모 후보 채택 기준 미충족,False
E,ElasticNet,True,11.465645850663254,3.4653285038351984,"[np.float64(9.531813458940327), np.float64(18.182164989661327), np.float64(10.000438647520788), np.float64(11.137602084950217), np.float64(8.476210072243607)]",4,"{'regressor__model__alpha': 0.1, 'regressor__model__l1_ratio': 0.2}",False,A,0.3591203864248513,3,개선 크기·일관성 또는 부모 후보 채택 기준 미충족,False
E,RandomForest,False,10.64051064515704,2.1406627692381335,"[np.float64(11.22039898460331), np.float64(14.353630487154822), np.float64(10.536268298747785), np.float64(8.595675349104742), np.float64(8.496580106174541)]",4,"{'regressor__model__max_depth': 4, 'regressor__model__min_samples_leaf': 5}",False,A,0.8505071101116333,4,개선 크기·일관성 또는 부모 후보 채택 기준 미충족,False
E,RandomForest,True,10.907049191039285,2.0031191432493385,"[np.float64(11.782085976080825), np.float64(13.788717673535498), np.float64(11.626557120076775), np.float64(9.146852072426926), np.float64(8.1910331130764)]",4,"{'regressor__model__max_depth': 2, 'regressor__model__min_samples_leaf': 5}",False,A,0.5403994389378326,4,개선 크기·일관성 또는 부모 후보 채택 기준 미충족,False
E,GradientBoosting,False,8.530781676629072,2.049832720309496,"[np.float64(5.1084510691484715), np.float64(11.367226562331497), np.float64(9.268598788429019), np.float64(7.865159782791542), np.float64(9.044472180444831)]",4,"{'regressor__model__max_depth': 1, 'regressor__model__n_estimators': 60}",False,A,0.5357164687506406,3,개선 크기·일관성 또는 부모 후보 채택 기준 미충족,False
E,GradientBoosting,True,8.326819172513817,2.081036665601101,"[np.float64(5.190638211567472), np.float64(11.343826115405397), np.float64(8.95678558168668), np.float64(7.02540816001282), np.float64(9.117437793896709)]",4,"{'regressor__model__max_depth': 1, 'regressor__model__n_estimators': 60}",False,A,0.7590346007188398,3,개선 크기·일관성 또는 부모 후보 채택 기준 미충족,False
B_QD_change,Linear,False,10.412604530384924,2.853579735966069,"[np.float64(14.688337344920471), np.float64(12.968772893932925), np.float64(8.467846186755562), np.float64(7.67362560970989), np.float64(8.264440616605775)]",4,{},False,B,-0.5298104668505603,2,개선 크기·일관성 또는 부모 후보 채택 기준 미충족,False
B_QD_change,Linear,True,10.972824573866328,4.896121691580761,"[np.float64(20.701369786772503), np.float64(8.87971828373436), np.float64(8.313405536839088), np.float64(7.653714268127125), np.float64(9.315914993858565)]",4,{},False,B,-0.8380944868519192,2,개선 크기·일관성 또는 부모 후보 채택 기준 미충족,False
B_QD_change,Ridge,False,9.511329310680527,3.6029559473260755,"[np.float64(13.371378212259287), np.float64(14.047006684885288), np.float64(8.230156967783897), np.float64(7.068563363076249), np.float64(4.839541325397908)]",4,{'regressor__model__alpha': 1.0},False,B,-0.22583582179909492,3,개선 크기·일관성 또는 부모 후보 채택 기준 미충족,False
B_QD_change,Ridge,True,9.16701698856179,1.9967114873519807,"[np.float64(8.620064912783198), np.float64(11.453698088993097), np.float64(8.125004570092301), np.float64(11.37520998323798), np.float64(6.261107387702376)]",4,{'regressor__model__alpha': 10.0},False,B,-0.29563281372094624,2,개선 크기·일관성 또는 부모 후보 채택 기준 미충족,False
B_QD_change,ElasticNet,False,9.532477925513154,3.6412268544895645,"[np.float64(13.859448838742198), np.float64(13.68599697532818), np.float64(8.280000132195884), np.float64(7.064658270198018), np.float64(4.772285411101502)]",4,"{'regressor__model__alpha': 0.1, 'regressor__model__l1_ratio': 0.8}",False,B,-0.1029231192177246,3,개선 크기·일관성 또는 부모 후보 채택 기준 미충족,False
B_QD_change,ElasticNet,True,9.60115472224493,4.639980624738968,"[np.float64(18.547982671820925), np.float64(8.25341326431978), np.float64(7.879765399518779), np.float64(8.32785715589226), np.float64(4.9967551196728985)]",4,"{'regressor__model__alpha': 0.01, 'regressor__model__l1_ratio': 0.2}",False,B,0.0,0,개선 크기·일관성 또는 부모 후보 채택 기준 미충족,False
B_QD_change,RandomForest,False,11.958541111609762,2.1276918705203824,"[np.float64(11.62183011216991), np.float64(15.5814323699346), np.float64(9.429218915730512), np.float64(12.744749422429916), np.float64(10.415474737783866)]",4,"{'regressor__model__max_depth': 4, 'regressor__model__min_samples_leaf': 5}",False,B,-0.10338173235209921,1,개선 크기·일관성 또는 부모 후보 채택 기준 미충족,False
B_QD_change,RandomForest,True,11.814448728178036,2.129165609487615,"[np.float64(12.165444017070833), np.float64(15.131621868316888), np.float64(8.944867866249226), np.float64(12.637147222492256), np.float64(10.193162666760967)]",4,"{'regressor__model__max_depth': 4, 'regressor__model__min_samples_leaf': 5}",False,B,-0.14660904695293767,1,개선 크기·일관성 또는 부모 후보 채택 기준 미충족,False
B_QD_change,GradientBoosting,False,8.58606066393693,1.7173829870531248,"[np.float64(6.852375775227997), np.float64(11.448376209326733), np.float64(7.452728027732689), np.float64(7.524444048978353), np.float64(9.652379258418884)]",4,"{'regressor__model__max_depth': 2, 'regressor__model__n_estimators': 60}",False,B,-0.7267779243246469,0,개선 크기·일관성 또는 부모 후보 채택 기준 미충족,False
B_QD_change,GradientBoosting,True,8.352757376738444,1.6844304141316317,"[np.float64(6.996549020967015), np.float64(11.593728160447887), np.float64(7.915514040417304), np.float64(7.079225660080596), np.float64(8.178770001779421)]",4,"{'regressor__model__max_depth': 2, 'regressor__model__n_estimators': 60}",False,B,-0.6816820484219251,0,개선 크기·일관성 또는 부모 후보 채택 기준 미충족,False
B_QD_relative,Linear,False,10.419287799915933,2.8091924541773867,"[np.float64(14.653886032174729), np.float64(12.895616293784961), np.float64(8.446458417973425), np.float64(7.678118694969016), np.float64(8.422359560677544)]",4,{},False,B,-0.5364937363815704,2,개선 크기·일관성 또는 부모 후보 채택 기준 미충족,False
B_QD_relative,Linear,True,10.986479238468805,4.870097028606451,"[np.float64(20.655201136915377), np.float64(8.870928681149493), np.float64(8.29859202114954), np.float64(7.668045007256673), np.float64(9.439629345872937)]",4,{},False,B,-0.8517491514543953,2,개선 크기·일관성 또는 부모 후보 채택 기준 미충족,False
B_QD_relative,Ridge,False,9.49853295131354,3.595149665213973,"[np.float64(13.363721418847414), np.float64(14.007569834302075), np.float64(8.227137057367415), np.float64(7.068026205641746), np.float64(4.826210240409065)]",4,{'regressor__model__alpha': 1.0},False,B,-0.21303946243211183,3,개선 크기·일관성 또는 부모 후보 채택 기준 미충족,False
B_QD_relative,Ridge,True,9.168823200819345,1.9948036616932716,"[np.float64(8.620317454079176), np.float64(11.461389616443775), np.float64(8.124472033425196), np.float64(11.368872650744684), np.float64(6.269064249403888)]",4,{'regressor__model__alpha': 10.0},False,B,-0.29743902597849986,2,개선 크기·일관성 또는 부모 후보 채택 기준 미충족,False
B_QD_relative,ElasticNet,False,9.515679647539145,3.6320654339446374,"[np.float64(13.847200007932322), np.float64(13.63541536709667), np.float64(8.274221778798806), np.float64(7.071253029271567), np.float64(4.750308054596357)]",4,"{'regressor__model__alpha': 0.1, 'regressor__model__l1_ratio': 0.8}",False,B,-0.08612484124371242,3,개선 크기·일관성 또는 부모 후보 채택 기준 미충족,False
B_QD_relative,ElasticNet,True,9.60115472224493,4.639980624738968,"[np.float64(18.547982671820925), np.float64(8.25341326431978), np.float64(7.879765399518779), np.float64(8.32785715589226), np.float64(4.9967551196728985)]",4,"{'regressor__model__alpha': 0.01, 'regressor__model__l1_ratio': 0.2}",False,B,0.0,0,개선 크기·일관성 또는 부모 후보 채택 기준 미충족,False
B_QD_relative,RandomForest,False,11.958541111609762,2.1276918705203824,"[np.float64(11.62183011216991), np.float64(15.5814323699346), np.float64(9.429218915730512), np.float64(12.744749422429916), np.float64(10.415474737783866)]",4,"{'regressor__model__max_depth': 4, 'regressor__model__min_samples_leaf': 5}",False,B,-0.10338173235209921,1,개선 크기·일관성 또는 부모 후보 채택 기준 미충족,False
B_QD_relative,RandomForest,True,11.808936765566779,2.1366098765085626,"[np.float64(12.165444017070833), np.float64(15.131621868316888), np.float64(8.917308053192945), np.float64(12.637147222492256), np.float64(10.193162666760967)]",4,"{'regressor__model__max_depth': 4, 'regressor__model__min_samples_leaf': 5}",False,B,-0.1410970843416816,1,개선 크기·일관성 또는 부모 후보 채택 기준 미충족,False
B_QD_relative,GradientBoosting,False,8.570890892308082,1.727631212569997,"[np.float64(6.852375775227997), np.float64(11.448376209326733), np.float64(7.3768791695884435), np.float64(7.524444048978353), np.float64(9.652379258418884)]",4,"{'regressor__model__max_depth': 2, 'regressor__model__n_estimators': 60}",False,B,-0.7116081526957979,0,개선 크기·일관성 또는 부모 후보 채택 기준 미충족,False
B_QD_relative,GradientBoosting,True,8.356328734059835,1.5564312632981552,"[np.float64(6.637639560748762), np.float64(10.893534737067723), np.float64(8.044376352008445), np.float64(9.22006632927052), np.float64(6.986026691203727)]",4,"{'regressor__model__max_depth': 1, 'regressor__model__n_estimators': 60}",False,B,-0.6852534057433161,0,개선 크기·일관성 또는 부모 후보 채택 기준 미충족,False
C_Tmax,Linear,False,10.314136687213251,1.484314910523848,"[np.float64(11.604530415434189), np.float64(12.131688373333208), np.float64(9.490379414747768), np.float64(7.9973065002082455), np.float64(10.346778732342843)]",2,{},False,A,-0.237833213447672,3,개선 크기·일관성 또는 부모 후보 채택 기준 미충족,False
C_Tmax,Linear,True,12.16047061387316,3.172746631968489,"[np.float64(18.154558157856073), np.float64(12.667021394899741), np.float64(10.077711351493496), np.float64(9.794666613019402), np.float64(10.108395552097084)]",2,{},False,A,-0.2155164379517025,2,개선 크기·일관성 또는 부모 후보 채택 기준 미충족,False
C_Tmax,Ridge,False,10.316090568592974,1.4913200473518233,"[np.float64(11.532077502711735), np.float64(12.205556676335085), np.float64(9.481009773811857), np.float64(7.998361418785911), np.float64(10.363447471320281)]",2,{'regressor__model__alpha': 0.1},False,A,-0.23206748556718343,3,개선 크기·일관성 또는 부모 후보 채택 기준 미충족,False
C_Tmax,Ridge,True,11.786348101681547,2.8611973666594412,"[np.float64(10.694547808551008), np.float64(17.427421364098514), np.float64(9.509857264490712), np.float64(10.373066641200541), np.float64(10.926847430066962)]",2,{'regressor__model__alpha': 10.0},False,A,-0.13383363308175938,2,개선 크기·일관성 또는 부모 후보 채택 기준 미충족,False
C_Tmax,ElasticNet,False,10.31425374629287,1.4846309463842766,"[np.float64(11.600261177463478), np.float64(12.135962873530865), np.float64(9.489822931227032), np.float64(7.997488983961876), np.float64(10.3477327652811)]",2,"{'regressor__model__alpha': 0.001, 'regressor__model__l1_ratio': 0.8}",False,A,-0.23751069891416848,3,개선 크기·일관성 또는 부모 후보 채택 기준 미충족,False
C_Tmax,ElasticNet,True,11.888459843565505,4.091775180345817,"[np.float64(9.515549158968755), np.float64(19.764296794512124), np.float64(8.69090768223526), np.float64(11.995116495336902), np.float64(9.476429086774484)]",2,"{'regressor__model__alpha': 0.1, 'regressor__model__l1_ratio': 0.2}",False,A,-0.06369360647740016,1,개선 크기·일관성 또는 부모 후보 채택 기준 미충족,False
C_Tmax,RandomForest,False,11.543209305040595,2.2592933960080845,"[np.float64(11.362489758511744), np.float64(15.731948331339696), np.float64(9.165521185889189), np.float64(11.42138628771521), np.float64(10.034700961747138)]",2,"{'regressor__model__max_depth': 2, 'regressor__model__min_samples_leaf': 5}",False,A,-0.052191549771922044,4,개선 크기·일관성 또는 부모 후보 채택 기준 미충족,False
C_Tmax,RandomForest,True,11.55863993682829,1.9006477452257216,"[np.float64(11.837080660884352), np.float64(14.966611572574998), np.float64(9.52533060169198), np.float64(11.391553242684017), np.float64(10.072623606306106)]",2,"{'regressor__model__max_depth': 4, 'regressor__model__min_samples_leaf': 5}",False,A,-0.11119130685117291,3,개선 크기·일관성 또는 부모 후보 채택 기준 미충족,False
C_Tmax,GradientBoosting,False,9.567376765060088,2.234442967368033,"[np.float64(7.899032086241074), np.float64(13.716276281099077), np.float64(7.400316192532127), np.float64(9.743529661677295), np.float64(9.077729603750868)]",2,"{'regressor__model__max_depth': 1, 'regressor__model__n_estimators': 30}",False,A,-0.5008786196803753,2,개선 크기·일관성 또는 부모 후보 채택 기준 미충족,False
C_Tmax,GradientBoosting,True,9.638377161423843,1.765007261202351,"[np.float64(9.385877910215811), np.float64(12.827309412376092), np.float64(7.402899202880836), np.float64(9.511705024401056), np.float64(9.064094257245424)]",2,"{'regressor__model__max_depth': 1, 'regressor__model__n_estimators': 30}",False,A,-0.5525233881911886,3,개선 크기·일관성 또는 부모 후보 채택 기준 미충족,False
D_interaction,Linear,False,11.302029887348613,3.4050094965281996,"[np.float64(13.104547303144795), np.float64(15.118143266278716), np.float64(13.2220602922791), np.float64(9.539741253284205), np.float64(5.525657321756248)]",6,{},False,D,-0.3310443312321688,2,개선 크기·일관성 또는 부모 후보 채택 기준 미충족,False
D_interaction,Linear,True,13.044119327976603,4.606653449699077,"[np.float64(19.407562207407196), np.float64(15.516539633185378), np.float64(13.934008504449091), np.float64(10.570069254685311), np.float64(5.792417040156045)]",6,{},False,D,-0.5429818715804073,2,개선 크기·일관성 또는 부모 후보 채택 기준 미충족,False
D_interaction,Ridge,False,10.810459508808815,3.241094732127298,"[np.float64(11.831365747552864), np.float64(15.841202754169597), np.float64(11.219008230419648), np.float64(9.183303898025972), np.float64(5.97741691387599)]",6,{'regressor__model__alpha': 1.0},False,D,0.1625906269651832,4,개선 크기·일관성 또는 부모 후보 채택 기준 미충족,False
D_interaction,Ridge,True,11.820261533801228,3.553186938864547,"[np.float64(10.42133726611797), np.float64(18.46557823889502), np.float64(10.285261135315519), np.float64(11.934974385389156), np.float64(7.994156643288478)]",6,{'regressor__model__alpha': 10.0},False,D,0.6695592665633253,2,개선 크기·일관성 또는 부모 후보 채택 기준 미충족,False
D_interaction,ElasticNet,False,10.776036369969768,3.2109456772933744,"[np.float64(11.01370311580827), np.float64(16.308145223457178), np.float64(10.644192078365048), np.float64(9.534985357528926), np.float64(6.37915607468942)]",6,"{'regressor__model__alpha': 0.1, 'regressor__model__l1_ratio': 0.2}",False,D,0.19521668794946495,2,개선 크기·일관성 또는 부모 후보 채택 기준 미충족,False
D_interaction,ElasticNet,True,12.015824048073323,4.038195438018738,"[np.float64(9.515549158968755), np.float64(19.82953616675124), np.float64(9.329187553637249), np.float64(12.036886808361949), np.float64(9.367960552647435)]",6,"{'regressor__model__alpha': 0.1, 'regressor__model__l1_ratio': 0.2}",False,D,-0.021401937052832665,0,개선 크기·일관성 또는 부모 후보 채택 기준 미충족,False
D_interaction,RandomForest,False,11.751467532085298,2.233609149667979,"[np.float64(11.508661461909998), np.float64(15.858574531207614), np.float64(9.671644747072087), np.float64(11.883904637576496), np.float64(9.834552282660306)]",6,"{'regressor__model__max_depth': 4, 'regressor__model__min_samples_leaf': 5}",False,D,-0.19747100281665872,1,개선 크기·일관성 또는 부모 후보 채택 기준 미충족,False
D_interaction,RandomForest,True,11.60718752961812,2.238857024914467,"[np.float64(12.015987106341914), np.float64(15.164990370733737), np.float64(8.787549145484599), np.float64(12.380776757220683), np.float64(9.686634268309662)]",6,"{'regressor__model__max_depth': 4, 'regressor__model__min_samples_leaf': 5}",False,D,-0.11312900094999385,1,개선 크기·일관성 또는 부모 후보 채택 기준 미충족,False
D_interaction,GradientBoosting,False,9.062445856529413,1.742869416446213,"[np.float64(6.626001865180339), np.float64(11.396518697354724), np.float64(10.633347443313243), np.float64(7.969160410426475), np.float64(8.68720086637229)]",6,"{'regressor__model__max_depth': 2, 'regressor__model__n_estimators': 60}",False,D,-0.07816935959163125,2,개선 크기·일관성 또는 부모 후보 채택 기준 미충족,False
D_interaction,GradientBoosting,True,8.886616955162456,1.9836134896123698,"[np.float64(6.518943863855044), np.float64(12.065829402198311), np.float64(7.484494044693088), np.float64(8.22796911008724), np.float64(10.135848354978595)]",6,"{'regressor__model__max_depth': 2, 'regressor__model__n_estimators': 30}",False,D,-0.7433586876296184,2,개선 크기·일관성 또는 부모 후보 채택 기준 미충족,False
A_delta_min,Linear,False,9.518048531140895,1.3550610967284804,"[np.float64(7.155962382681516), np.float64(10.823612019016942), np.float64(9.036698068587773), np.float64(10.778300035736198), np.float64(9.795670149682035)]",1,{},True,,,0,기본 또는 대표 피처 교체 후보,False
A_delta_min,Linear,True,8.40933771148804,1.0328096384051824,"[np.float64(6.682588558371212), np.float64(7.743458582090742), np.float64(9.206768913996097), np.float64(9.216878796266561), np.float64(9.196993706715599)]",1,{},True,,,0,기본 또는 대표 피처 교체 후보,False
A_delta_min,Ridge,False,9.434077777035375,1.126113475056735,"[np.float64(7.517863468742099), np.float64(10.61469518573103), np.float64(8.877074058635984), np.float64(10.334604099027025), np.float64(9.826152073040735)]",1,{'regressor__model__alpha': 1.0},True,,,0,기본 또는 대표 피처 교체 후보,False
A_delta_min,Ridge,True,8.403543397081988,1.0263620984709556,"[np.float64(6.6622729123790965), np.float64(7.786358916672165), np.float64(9.192986938936846), np.float64(9.183766983119497), np.float64(9.192331234302339)]",1,{'regressor__model__alpha': 0.1},True,,,0,기본 또는 대표 피처 교체 후보,True
A_delta_min,ElasticNet,False,9.359141998781187,0.8918356961746253,"[np.float64(7.961546547984046), np.float64(10.37402367939007), np.float64(8.693344392303183), np.float64(9.901035272562622), np.float64(9.86576010166601)]",1,"{'regressor__model__alpha': 0.1, 'regressor__model__l1_ratio': 0.2}",True,,,0,기본 또는 대표 피처 교체 후보,False
A_delta_min,ElasticNet,True,8.405433273512964,1.027087582344648,"[np.float64(6.66290700051881), np.float64(7.787849703565199), np.float64(9.19563153743942), np.float64(9.187864007303924), np.float64(9.19291411873747)]",1,"{'regressor__model__alpha': 0.001, 'regressor__model__l1_ratio': 0.2}",True,,,0,기본 또는 대표 피처 교체 후보,False
A_delta_min,RandomForest,False,13.346379418702133,1.847063373932702,"[np.float64(11.484732203647823), np.float64(16.286404633779732), np.float64(11.243333501030353), np.float64(13.880652104036303), np.float64(13.836774651016448)]",1,"{'regressor__model__max_depth': 2, 'regressor__model__min_samples_leaf': 5}",True,,,0,기본 또는 대표 피처 교체 후보,False
A_delta_min,RandomForest,True,13.163923430496343,1.4046787495824165,"[np.float64(12.15935634572741), np.float64(15.493806821912573), np.float64(11.415714678352732), np.float64(12.999572200523415), np.float64(13.751167105965584)]",1,"{'regressor__model__max_depth': 2, 'regressor__model__min_samples_leaf': 5}",True,,,0,기본 또는 대표 피처 교체 후보,False
A_delta_min,GradientBoosting,False,10.389255249064718,2.564683287471694,"[np.float64(5.592204233974339), np.float64(10.984479673980532), np.float64(10.263485955609022), np.float64(12.81965240937456), np.float64(12.286453972385129)]",1,"{'regressor__model__max_depth': 1, 'regressor__model__n_estimators': 60}",True,,,0,기본 또는 대표 피처 교체 후보,False
A_delta_min,GradientBoosting,True,10.286527659107394,2.5915313697537794,"[np.float64(5.572304809339717), np.float64(10.287904349101677), np.float64(10.273075854185285), np.float64(12.955575360759758), np.float64(12.34377792215053)]",1,"{'regressor__model__max_depth': 1, 'regressor__model__n_estimators': 60}",True,,,0,기본 또는 대표 피처 교체 후보,False
A_delta_mean,Linear,False,10.712487528788659,1.6617042815211216,"[np.float64(8.178866300647849), np.float64(12.689895076930306), np.float64(9.398354824611907), np.float64(11.668707031811982), np.float64(11.626614409941247)]",1,{},True,,,0,기본 또는 대표 피처 교체 후보,False
A_delta_mean,Linear,True,9.336085307946366,1.419786382650234,"[np.float64(6.935381532495385), np.float64(8.734984001698166), np.float64(9.543638594944934), np.float64(10.793483715280932), np.float64(10.672938695312407)]",1,{},True,,,0,기본 또는 대표 피처 교체 후보,False
A_delta_mean,Ridge,False,10.662745955978991,1.515198181808097,"[np.float64(8.506670589442884), np.float64(12.416623655440489), np.float64(9.226259892038591), np.float64(11.566142027745922), np.float64(11.598033615227067)]",1,{'regressor__model__alpha': 1.0},True,,,0,기본 또는 대표 피처 교체 후보,False
A_delta_mean,Ridge,True,9.33830290752037,1.3998253547208312,"[np.float64(6.983155194295295), np.float64(8.731861552742638), np.float64(9.528839393373357), np.float64(10.784627602117654), np.float64(10.663030795072913)]",1,{'regressor__model__alpha': 0.1},True,,,0,기본 또는 대표 피처 교체 후보,False
A_delta_mean,ElasticNet,False,10.618355400829106,1.3456859646842203,"[np.float64(8.908625578341157), np.float64(12.101769906882751), np.float64(9.08003358601261), np.float64(11.440454340788895), np.float64(11.560893592120113)]",1,"{'regressor__model__alpha': 0.1, 'regressor__model__l1_ratio': 0.2}",True,,,0,기본 또는 대표 피처 교체 후보,False
A_delta_mean,ElasticNet,True,9.339254231671875,1.4002284318888323,"[np.float64(6.983444020384985), np.float64(8.731638090630486), np.float64(9.531456136755189), np.float64(10.78559182095792), np.float64(10.664141089630794)]",1,"{'regressor__model__alpha': 0.001, 'regressor__model__l1_ratio': 0.2}",True,,,0,기본 또는 대표 피처 교체 후보,False
A_delta_mean,RandomForest,False,14.095192998309917,1.9583675865761738,"[np.float64(12.903661186425866), np.float64(16.58825480991609), np.float64(10.960187820631742), np.float64(15.138104450232564), np.float64(14.885756724343322)]",1,"{'regressor__model__max_depth': 4, 'regressor__model__min_samples_leaf': 5}",True,,,0,기본 또는 대표 피처 교체 후보,False
A_delta_mean,RandomForest,True,13.844922317405912,1.517805540732204,"[np.float64(13.48908248317846), np.float64(15.575121628015525), np.float64(11.11697084424923), np.float64(14.379184515299803), np.float64(14.664252116286539)]",1,"{'regressor__model__max_depth': 4, 'regressor__model__min_samples_leaf': 5}",True,,,0,기본 또는 대표 피처 교체 후보,False
A_delta_mean,GradientBoosting,False,11.487568888294245,3.17177332233694,"[np.float64(5.877240996401527), np.float64(14.139250856260377), np.float64(10.117882281324533), np.float64(13.127206280687878), np.float64(14.176264026796906)]",1,"{'regressor__model__max_depth': 1, 'regressor__model__n_estimators': 60}",True,,,0,기본 또는 대표 피처 교체 후보,False
A_delta_mean,GradientBoosting,True,11.326067663692038,3.0599670569346227,"[np.float64(5.839866962309684), np.float64(13.520799789202167), np.float64(10.149156850177604), np.float64(13.043818367643837), np.float64(14.076696349126902)]",1,"{'regressor__model__max_depth': 1, 'regressor__model__n_estimators': 60}",True,,,0,기본 또는 대표 피처 교체 후보,False
