batch,cell_id,cycle_life,split,prediction
Batch 1,B1_012,902.0,Hold-out,931.2685606983998
Batch 1,B1_013,897.0,Hold-out,907.1501032377121
Batch 1,B1_018,691.0,Hold-out,719.5280815299795
Batch 1,B1_019,788.0,Hold-out,700.2301291763225
Batch 1,B1_022,891.0,Hold-out,865.924697315763
Batch 1,B1_023,1014.0,Hold-out,895.7780839785167
Batch 1,B1_028,860.0,Hold-out,800.7234393207578
Batch 1,B1_029,917.0,Hold-out,805.0036767997361
Batch 1,B1_044,616.0,Hold-out,573.6488521449047
Batch 1,B1_045,599.0,Hold-out,568.2986609379855
Batch 2,B2_000,477.0,Test,619.8362870139488
Batch 2,B2_001,491.0,Test,525.1201078691412
Batch 2,B2_002,424.0,Test,642.0158201670397
Batch 2,B2_003,499.0,Test,612.3755966866988
Batch 2,B2_004,444.0,Test,493.18265530393427
Batch 2,B2_005,416.0,Test,388.7937269667497
Batch 2,B2_006,393.0,Test,670.0148800398621
Batch 2,B2_007,777.0,Test,1021.8658007310613
Batch 2,B2_008,904.0,Test,932.4576412126335
Batch 2,B2_009,791.0,Test,1052.73588974302
Batch 2,B2_010,492.0,Test,612.9822718542105
Batch 2,B2_011,449.0,Test,621.3494279448906
Batch 2,B2_012,466.0,Test,443.7902506866782
Batch 2,B2_013,460.0,Test,536.5898269041346
Batch 2,B2_014,426.0,Test,403.26290860743825
Batch 2,B2_015,396.0,Test,659.422459323456
Batch 2,B2_016,472.0,Test,636.8686355849505
Batch 2,B2_017,471.0,Test,643.5145585683694
Batch 2,B2_018,449.0,Test,779.9474620600365
Batch 2,B2_019,392.0,Test,528.7801123368262
Batch 2,B2_020,489.0,Test,571.234650209559
Batch 2,B2_021,408.0,Test,538.2580409676125
Batch 2,B2_024,514.0,Test,712.9758217750625
Batch 2,B2_025,493.0,Test,663.6524499406138
Batch 2,B2_026,450.0,Test,471.39610878201427
Batch 2,B2_027,474.0,Test,625.1596586474302
Batch 2,B2_028,437.0,Test,606.6792877431877
Batch 2,B2_029,452.0,Test,642.8281877228442
Batch 2,B2_030,412.0,Test,455.99393992602756
Batch 2,B2_031,425.0,Test,540.1894328341245
Batch 2,B2_032,809.0,Test,937.7873436949666
Batch 2,B2_033,1140.0,Test,986.514814619142
Batch 2,B2_034,1186.0,Test,1062.4333635511775
Batch 2,B2_041,442.0,Test,420.4586961870676
Batch 2,B2_042,474.0,Test,628.2023591619893
Batch 2,B2_043,1029.0,Test,1062.084475264399
Batch 2,B2_044,841.0,Test,1044.1145228121352
Batch 2,B2_045,997.0,Test,948.9792557337207
Batch 2,B2_046,503.0,Test,640.6247030112717
